TweetsAgo,Target,User,Date,Positive,Neutral,Negative,Compound,Text
100,BBCNews,BBC News (UK),2018-06-05 11:50:49+00:00,0.202,0.743,0.055,0.578,"RT @bbclaurak: And least surprising story of the day, Cabinet has approved Heathrow expansion - (again) - but this is a bit like outline pl‚Ä¶"
99,BBCNews,BBC News (UK),2018-06-05 11:57:55+00:00,0.188,0.812,0.0,0.4019,"""This is a project with benefits that reach far beyond London""

Transport Sec Chris Grayling says Heathrow Airport‚Ä¶ https://t.co/LslhFDv41K"
98,BBCNews,BBC News (UK),2018-06-05 12:01:35+00:00,0.0,1.0,0.0,0.0,Loris Karius: Liverpool keeper referred for concussion tests by club https://t.co/Mm7Ntv81QR
97,BBCNews,BBC News (UK),2018-06-05 12:22:27+00:00,0.0,1.0,0.0,0.0,Syphilis and gonorrhoea cases up by one-fifth https://t.co/hvcdIY3dvg
96,BBCNews,BBC News (UK),2018-06-05 12:24:46+00:00,0.0,1.0,0.0,0.0,Tesco Bank hit by online glitch https://t.co/04VWMMn9Z7
95,BBCNews,BBC News (UK),2018-06-05 12:31:00+00:00,0.098,0.902,0.0,0.3612,"RT @BBCSport: Andy Murray is ""hoping"" to be fit to return for the grass-court season, with further clarification expected in the next 24 ho‚Ä¶"
94,BBCNews,BBC News (UK),2018-06-05 12:36:21+00:00,0.0,1.0,0.0,0.0,"Only a man can run an airline, says Qatar boss https://t.co/E7p46UQX25"
93,BBCNews,BBC News (UK),2018-06-05 12:38:44+00:00,0.167,0.833,0.0,0.2023,Floyd Mayweather regains title as world's top earning athlete https://t.co/y1xNi3rnlc
92,BBCNews,BBC News (UK),2018-06-05 12:38:44+00:00,0.0,1.0,0.0,0.0,Saudi Arabia issues first driving licences to women https://t.co/Bv7GB9loiY
91,BBCNews,BBC News (UK),2018-06-05 12:43:31+00:00,0.12,0.88,0.0,0.3527,"How well do you know England? Can you recognise the location from their descriptions? 

Take our quiz ‚û°Ô∏è‚Ä¶ https://t.co/dBCVlvR4Bz"
90,BBCNews,BBC News (UK),2018-06-05 12:43:43+00:00,0.375,0.625,0.0,0.6369,Who are anti-Brexit group Best for Britain? https://t.co/TseScURN7k
89,BBCNews,BBC News (UK),2018-06-05 12:57:44+00:00,0.0,1.0,0.0,0.0,Ben Lecomte's bid to be the first to swim the Pacific Ocean https://t.co/tmFIYQpmg1
88,BBCNews,BBC News (UK),2018-06-05 13:00:32+00:00,0.278,0.722,0.0,0.4019,Royal wedding choir on gospel music boost https://t.co/XxhVyZRdVc
87,BBCNews,BBC News (UK),2018-06-05 13:10:47+00:00,0.194,0.806,0.0,0.5859,RT @bbcweather: Dry and increasingly sunny for many of us this afternoon. Cloudy in the SW with a chance of a shower. Jo https://t.co/tgZF3‚Ä¶
86,BBCNews,BBC News (UK),2018-06-05 13:22:14+00:00,0.0,1.0,0.0,0.0,World Cup 2018: Leroy Sane says he will 'bounce back' after Germany omission https://t.co/OCTdE6J9Hw
85,BBCNews,BBC News (UK),2018-06-05 13:25:10+00:00,0.157,0.843,0.0,0.0772,Government clears way for Fox's Sky deal https://t.co/H7l2rbJTYW
84,BBCNews,BBC News (UK),2018-06-05 13:26:11+00:00,0.14,0.86,0.0,0.0772,"Government clears way for Fox's Sky deal

https://t.co/HG7pBxvTL9 https://t.co/neBjMl9XLj"
83,BBCNews,BBC News (UK),2018-06-05 13:27:33+00:00,0.23,0.608,0.162,0.25,Roma fined following crowd disturbances at Liverpool Champions League tie https://t.co/sWUdqD3zme
82,BBCNews,BBC News (UK),2018-06-05 13:53:12+00:00,0.0,1.0,0.0,0.0,Ginger emojis make their debut https://t.co/brCORFFeae
81,BBCNews,BBC News (UK),2018-06-05 13:55:47+00:00,0.0,0.811,0.189,-0.1027,Gordon Brown warns of Brexit 'paralysis' https://t.co/UvwfuDQWkV
80,BBCNews,BBC News (UK),2018-06-05 13:55:47+00:00,0.0,1.0,0.0,0.0,Dani Dyer and other daughters named after their fathers https://t.co/1D8LKJcwWg
79,BBCNews,BBC News (UK),2018-06-05 14:04:05+00:00,0.0,0.814,0.186,-0.1531,Miss America waves bye bye to bikinis https://t.co/QuCdzUcV38
78,BBCNews,BBC News (UK),2018-06-05 14:09:33+00:00,0.2,0.593,0.207,-0.0258,Iran to boost uranium enrichment if nuclear deal fails https://t.co/2x5NxeRZOu
77,BBCNews,BBC News (UK),2018-06-05 14:18:01+00:00,0.503,0.497,0.0,0.7244,Weinstein pleads not guilty to rape charge https://t.co/oKEfSC7kLH
76,BBCNews,BBC News (UK),2018-06-05 14:20:46+00:00,0.151,0.849,0.0,0.5994,"RT @BBCSport: Everyone's been loving Nigeria's kit üî•

Here are the rest of the home shirts each team will be wearing in Russia.

üëâ https://‚Ä¶"
75,BBCNews,BBC News (UK),2018-06-05 14:42:26+00:00,0.0,0.667,0.333,-0.5423,Crocodile kills Ethiopian pastor during lake baptism https://t.co/9she2TOIWZ
74,BBCNews,BBC News (UK),2018-06-05 14:47:46+00:00,0.398,0.602,0.0,0.6486,Fred: Manchester United agree deal for Shakhtar Donetsk midfielder https://t.co/gQOL5Qf1Sg
73,BBCNews,BBC News (UK),2018-06-05 14:53:10+00:00,0.307,0.693,0.0,0.7964,RT @BBCRealityCheck: Who's got better odds: applicants to Oxbridge or for the reality show Love Island? #loveisland https://t.co/B8OKZeItJz
72,BBCNews,BBC News (UK),2018-06-05 15:00:59+00:00,0.099,0.901,0.0,0.0258,Bestival to provide drug testing in attempt to prevent deaths https://t.co/O5f8k2zGub
71,BBCNews,BBC News (UK),2018-06-05 15:05:55+00:00,0.13,0.87,0.0,0.4019,"RT @BBCPolitics: Ex-prime minister Gordon Brown tells @bbclaurak Britain could be ""paralysed"" for years because Westminster parties have no‚Ä¶"
70,BBCNews,BBC News (UK),2018-06-05 15:15:59+00:00,0.0,0.781,0.219,-0.4215,Sergio Ramos: Mohamed Salah 'arm grab' led to shoulder injury https://t.co/3McTkvRAkc
69,BBCNews,BBC News (UK),2018-06-05 15:28:04+00:00,0.0,0.435,0.565,-0.8316,Rail crisis: Your train journey horror stories https://t.co/YNplf5bsmm
68,BBCNews,BBC News (UK),2018-06-05 15:42:02+00:00,0.0,1.0,0.0,0.0,English identity: Your questions about patriotism https://t.co/A16YuMvBtd
67,BBCNews,BBC News (UK),2018-06-05 16:21:17+00:00,0.0,0.583,0.417,-0.6486,Fashion designer Kate Spade found dead https://t.co/EXfkHIMhYq
66,BBCNews,BBC News (UK),2018-06-05 16:35:55+00:00,0.0,0.694,0.306,-0.296,Cuts to sexual-health services imminent https://t.co/WiHrI1jrhx
65,BBCNews,BBC News (UK),2018-06-05 16:38:15+00:00,0.0,0.517,0.483,-0.6808,Terror suspect 're-armed' after mother found knives https://t.co/ksud7p3aCf
64,BBCNews,BBC News (UK),2018-06-05 16:54:38+00:00,0.223,0.777,0.0,0.3182,When is it acceptable to wear a flat cap? https://t.co/GQvRXwWAye
63,BBCNews,BBC News (UK),2018-06-05 16:54:38+00:00,0.1,0.9,0.0,0.0572,Karen Bradley says Northern Ireland abortion law should not be imposed https://t.co/ukDFyEn0UL
62,BBCNews,BBC News (UK),2018-06-05 17:05:27+00:00,0.096,0.904,0.0,0.3254,"RT @amolrajanBBC: 1/ SCOOP: From September, @Peston‚Äôs Sunday show on ITV will move to Wednesday evenings. It will follow the news at around‚Ä¶"
61,BBCNews,BBC News (UK),2018-06-05 17:21:07+00:00,0.193,0.6,0.207,-0.0516,Keith Wyness: Aston Villa chief executive suspended by Championship club https://t.co/Lhy8YsXwcA
60,BBCNews,BBC News (UK),2018-06-05 17:32:40+00:00,0.08,0.73,0.19,-0.3612,French Open 2018: Marco Cecchinato shocks Novak Djokovic to reach semi-finals https://t.co/n9lMePAQ8T
59,BBCNews,BBC News (UK),2018-06-05 17:46:40+00:00,0.0,1.0,0.0,0.0,Brexit: Labour amendment seeks 'full access' to EU market https://t.co/V74qKxVVdA
58,BBCNews,BBC News (UK),2018-06-05 17:50:49+00:00,0.0,1.0,0.0,0.0,"One in, one out.üï∫ https://t.co/OCtHUemlD2"
57,BBCNews,BBC News (UK),2018-06-05 18:19:48+00:00,0.0,1.0,0.0,0.0,MPs hold highly-charged Northern Ireland abortion laws debate https://t.co/CvEOAUFsQE
56,BBCNews,BBC News (UK),2018-06-05 18:26:52+00:00,0.0,1.0,0.0,0.0,Salad Cream: Heinz 'considers Sandwich Cream re-brand' https://t.co/bKoG2uqaGz
55,BBCNews,BBC News (UK),2018-06-05 18:38:24+00:00,0.0,1.0,0.0,0.0,The English B&amp;B that is famous in Japan https://t.co/EBa3Ei2Goe
54,BBCNews,BBC News (UK),2018-06-05 18:45:11+00:00,0.194,0.806,0.0,0.34,Loris Karius: How did Liverpool goalkeeper play on with concussion? https://t.co/zhjJhD2j9U
53,BBCNews,BBC News (UK),2018-06-05 18:54:24+00:00,0.558,0.442,0.0,0.743,'Beauty iceberg' thrills Newfoundland and Labrador https://t.co/NKYiqi3BcK
52,BBCNews,BBC News (UK),2018-06-05 19:06:44+00:00,0.0,1.0,0.0,0.0,World Cup 2018: Kyle Walker hails 'togetherness' in England camp https://t.co/bnv0BjqH4W
51,BBCNews,BBC News (UK),2018-06-05 19:57:53+00:00,0.0,0.26,0.74,-0.9349,"Kensington stab death: Boy, 14, charged with murder https://t.co/RgmhS4S2zH"
50,BBCNews,BBC News (UK),2018-06-05 20:06:55+00:00,0.0,0.768,0.232,-0.2755,Kate Spade: 'Fashion can't feel like a costume' https://t.co/dXTxhg4eVs
49,BBCNews,BBC News (UK),2018-06-05 20:19:06+00:00,0.0,1.0,0.0,0.0,Kate Spade: A legacy of fashion in photos https://t.co/B54BweHnQQ
48,BBCNews,BBC News (UK),2018-06-05 21:00:32+00:00,0.0,1.0,0.0,0.0,"Wednesday's Independent: ""Tories won't 'rock boat' to tackle Islamophobia"" (via @MsHelicat) #tomorrowspaperstoday https://t.co/JumizbCVto"
47,BBCNews,BBC News (UK),2018-06-05 21:00:34+00:00,0.0,0.784,0.216,-0.5106,"Wednesday's Morning Star: ""Corbyn slams 'scandalous' Tory failure after Grenfell"" (via @MsHelicat)‚Ä¶ https://t.co/McvuuQODLD"
46,BBCNews,BBC News (UK),2018-06-05 21:00:41+00:00,0.0,1.0,0.0,0.0,"Wednesday's Metro: ""Brace! Brace! Brace!"" (via @MsHelicat) #tomorrowspaperstoday https://t.co/KctkOnAWE0"
45,BBCNews,BBC News (UK),2018-06-05 21:08:51+00:00,0.291,0.709,0.0,0.5719,Andy Murray delays comeback but still has Wimbledon hopes https://t.co/xmXFhuoxiI
44,BBCNews,BBC News (UK),2018-06-05 21:11:09+00:00,0.0,0.722,0.278,-0.6124,"Wednesday's FT: ""Nix 'withdrew $8m' as scandal loomed at Cambridge Analytica"" (via @MsHelicat) #tomorrowspaperstoday https://t.co/3awz0Bl28u"
43,BBCNews,BBC News (UK),2018-06-05 21:15:38+00:00,0.123,0.877,0.0,0.1027,"Wednesday's i: ""Heathrow runway cleared for take-off"" (via @MsHelicat) #tomorrowspaperstoday https://t.co/RUd8920gF0"
42,BBCNews,BBC News (UK),2018-06-05 21:15:51+00:00,0.0,0.839,0.161,-0.3182,"Wednesday's Express: ""Have we lost control of our streets?"" (via @MsHelicat) #tomorrowspaperstoday https://t.co/KHtQhZ0kYz"
41,BBCNews,BBC News (UK),2018-06-05 21:15:57+00:00,0.0,0.649,0.351,-0.4019,"Wednesday's Star: ""Salad Scream"" #tomorrowspaperstoday https://t.co/AB2TLI8Kzm"
40,BBCNews,BBC News (UK),2018-06-05 21:20:47+00:00,0.557,0.443,0.0,0.8834,Champions League and Europa League: Huge increase in prize money next season https://t.co/Aolkc0aQff
39,BBCNews,BBC News (UK),2018-06-05 21:42:00+00:00,0.172,0.828,0.0,0.3612,"You're the only one who will make me smile, Zverev tells reporter https://t.co/0w25tq0sBO"
38,BBCNews,BBC News (UK),2018-06-05 21:51:11+00:00,0.113,0.887,0.0,0.3182,RT @BBCBreaking: Evacuations are ordered after a fresh blast at Guatemala's Fuego volcano sends material down the south side https://t.co/6‚Ä¶
37,BBCNews,BBC News (UK),2018-06-05 21:57:46+00:00,0.0,1.0,0.0,0.0,"Wednesday's Guardian: ""Labour seeks full access to single market"" (via @MsHelicat) #tomorrowspaperstoday https://t.co/KIVaPIDNPe"
36,BBCNews,BBC News (UK),2018-06-05 21:57:59+00:00,0.0,1.0,0.0,0.0,"Wednesday's Sun: ""Take my watch and go!"" (via @MsHelicat) #tomorrowspaperstoday https://t.co/vNOiRoVxWN"
35,BBCNews,BBC News (UK),2018-06-05 21:58:08+00:00,0.0,0.769,0.231,-0.4588,"Wednesday's Telegraph: ""Minister: Oxbridge diversity failures are 'staggering'"" (via @MsHelicat)‚Ä¶ https://t.co/xYdh27SACD"
34,BBCNews,BBC News (UK),2018-06-05 21:58:16+00:00,0.0,1.0,0.0,0.0,"Wednesday's Mirror: ""4 in 5 back penny tax hike for NHS"" (via @MsHelicat) #tomorrowspaperstoday https://t.co/7lKNHA312N"
33,BBCNews,BBC News (UK),2018-06-05 21:58:27+00:00,0.0,1.0,0.0,0.0,"Wednesday's Times: ""Labour bids for 'softest' #Brexit deal in new shift"" (via @MsHelicat) #tomorrowspaperstoday https://t.co/cAZ2pXYv78"
32,BBCNews,BBC News (UK),2018-06-05 21:58:33+00:00,0.0,1.0,0.0,0.0,"Wednesday's Daily Mail: ""Wild West London"" (via @MsHelicat) #tomorrowspaperstoday https://t.co/I62SXYMNeq"
31,BBCNews,BBC News (UK),2018-06-05 22:57:12+00:00,0.0,0.794,0.206,-0.3818,Newspaper headlines: 'Severe turbulence' for May and 'Wild West London' https://t.co/hio1R7vfQN
30,BBCNews,BBC News (UK),2018-06-05 23:43:58+00:00,0.0,1.0,0.0,0.0,Evacuations after new eruption at Guatemalan volcano https://t.co/6SQ8RaoIeM
29,BBCNews,BBC News (UK),2018-06-05 23:43:58+00:00,0.0,1.0,0.0,0.0,TSB investigated over IT meltdown https://t.co/7xNnwENGZv
28,BBCNews,BBC News (UK),2018-06-06 00:04:48+00:00,0.0,0.37,0.63,-0.7003,University bosses' pay rules 'woefully inadequate' https://t.co/YQteIq5Yef
27,BBCNews,BBC News (UK),2018-06-06 00:23:55+00:00,0.0,1.0,0.0,0.0,Tourette's boy is 'not making it up' https://t.co/QHPyMorxHq
26,BBCNews,BBC News (UK),2018-06-06 00:38:02+00:00,0.0,0.756,0.244,-0.4404,Kim Jong-un: The new kid on the diplomatic block https://t.co/g5hEia9mg9
25,BBCNews,BBC News (UK),2018-06-06 00:38:02+00:00,0.0,0.845,0.155,-0.296,Why beige carbs are the ones to avoid - Dr Xand van Tulleken https://t.co/22W3Ywb2Nz
24,BBCNews,BBC News (UK),2018-06-06 00:38:04+00:00,0.0,0.818,0.182,-0.25,Reality Check: Is a driver shortage messing up Northern trains? https://t.co/q5rE8cFnjQ
23,BBCNews,BBC News (UK),2018-06-06 00:38:04+00:00,0.0,0.645,0.355,-0.6597,'How a TV show led to my cancer diagnosis' https://t.co/1u6QZdc5fl
22,BBCNews,BBC News (UK),2018-06-06 00:38:04+00:00,0.19,0.81,0.0,0.2755,Scotland and Britain 'cannot be mistaken for each other' https://t.co/ZPxhtulfql
21,BBCNews,BBC News (UK),2018-06-06 00:40:24+00:00,0.143,0.857,0.0,0.128,Take a look inside the world's largest legal cannabis farm https://t.co/DVihP4PE2z
20,BBCNews,BBC News (UK),2018-06-05 21:20:47+00:00,0.557,0.443,0.0,0.8834,Champions League and Europa League: Huge increase in prize money next season https://t.co/Aolkc0aQff
19,BBCNews,BBC News (UK),2018-06-05 21:42:00+00:00,0.172,0.828,0.0,0.3612,"You're the only one who will make me smile, Zverev tells reporter https://t.co/0w25tq0sBO"
18,BBCNews,BBC News (UK),2018-06-05 21:51:11+00:00,0.113,0.887,0.0,0.3182,RT @BBCBreaking: Evacuations are ordered after a fresh blast at Guatemala's Fuego volcano sends material down the south side https://t.co/6‚Ä¶
17,BBCNews,BBC News (UK),2018-06-05 21:57:46+00:00,0.0,1.0,0.0,0.0,"Wednesday's Guardian: ""Labour seeks full access to single market"" (via @MsHelicat) #tomorrowspaperstoday https://t.co/KIVaPIDNPe"
16,BBCNews,BBC News (UK),2018-06-05 21:57:59+00:00,0.0,1.0,0.0,0.0,"Wednesday's Sun: ""Take my watch and go!"" (via @MsHelicat) #tomorrowspaperstoday https://t.co/vNOiRoVxWN"
15,BBCNews,BBC News (UK),2018-06-05 21:58:08+00:00,0.0,0.769,0.231,-0.4588,"Wednesday's Telegraph: ""Minister: Oxbridge diversity failures are 'staggering'"" (via @MsHelicat)‚Ä¶ https://t.co/xYdh27SACD"
14,BBCNews,BBC News (UK),2018-06-05 21:58:16+00:00,0.0,1.0,0.0,0.0,"Wednesday's Mirror: ""4 in 5 back penny tax hike for NHS"" (via @MsHelicat) #tomorrowspaperstoday https://t.co/7lKNHA312N"
13,BBCNews,BBC News (UK),2018-06-05 21:58:27+00:00,0.0,1.0,0.0,0.0,"Wednesday's Times: ""Labour bids for 'softest' #Brexit deal in new shift"" (via @MsHelicat) #tomorrowspaperstoday https://t.co/cAZ2pXYv78"
12,BBCNews,BBC News (UK),2018-06-05 21:58:33+00:00,0.0,1.0,0.0,0.0,"Wednesday's Daily Mail: ""Wild West London"" (via @MsHelicat) #tomorrowspaperstoday https://t.co/I62SXYMNeq"
11,BBCNews,BBC News (UK),2018-06-05 22:57:12+00:00,0.0,0.794,0.206,-0.3818,Newspaper headlines: 'Severe turbulence' for May and 'Wild West London' https://t.co/hio1R7vfQN
10,BBCNews,BBC News (UK),2018-06-05 23:43:58+00:00,0.0,1.0,0.0,0.0,Evacuations after new eruption at Guatemalan volcano https://t.co/6SQ8RaoIeM
9,BBCNews,BBC News (UK),2018-06-05 23:43:58+00:00,0.0,1.0,0.0,0.0,TSB investigated over IT meltdown https://t.co/7xNnwENGZv
8,BBCNews,BBC News (UK),2018-06-06 00:04:48+00:00,0.0,0.37,0.63,-0.7003,University bosses' pay rules 'woefully inadequate' https://t.co/YQteIq5Yef
7,BBCNews,BBC News (UK),2018-06-06 00:23:55+00:00,0.0,1.0,0.0,0.0,Tourette's boy is 'not making it up' https://t.co/QHPyMorxHq
6,BBCNews,BBC News (UK),2018-06-06 00:38:02+00:00,0.0,0.756,0.244,-0.4404,Kim Jong-un: The new kid on the diplomatic block https://t.co/g5hEia9mg9
5,BBCNews,BBC News (UK),2018-06-06 00:38:02+00:00,0.0,0.845,0.155,-0.296,Why beige carbs are the ones to avoid - Dr Xand van Tulleken https://t.co/22W3Ywb2Nz
4,BBCNews,BBC News (UK),2018-06-06 00:38:04+00:00,0.0,0.818,0.182,-0.25,Reality Check: Is a driver shortage messing up Northern trains? https://t.co/q5rE8cFnjQ
3,BBCNews,BBC News (UK),2018-06-06 00:38:04+00:00,0.0,0.645,0.355,-0.6597,'How a TV show led to my cancer diagnosis' https://t.co/1u6QZdc5fl
2,BBCNews,BBC News (UK),2018-06-06 00:38:04+00:00,0.19,0.81,0.0,0.2755,Scotland and Britain 'cannot be mistaken for each other' https://t.co/ZPxhtulfql
1,BBCNews,BBC News (UK),2018-06-06 00:40:24+00:00,0.143,0.857,0.0,0.128,Take a look inside the world's largest legal cannabis farm https://t.co/DVihP4PE2z
100,CBSNews,CBS News,2018-06-05 12:25:24+00:00,0.0,1.0,0.0,0.0,"‚ÄúI just started thinking about this last night, because I am very much a present-moment person‚Ä¶ And I started think‚Ä¶ https://t.co/hCoDkhIjV8"
99,CBSNews,CBS News,2018-06-05 12:27:27+00:00,0.0,1.0,0.0,0.0,"‚ÄúThe first time i started having conversations with people with real dysfunctions, with real family issues, from al‚Ä¶ https://t.co/SeWngFUE7O"
98,CBSNews,CBS News,2018-06-05 12:30:35+00:00,0.0,1.0,0.0,0.0,AHEAD on @CBSThisMorning: @Oprah will reveal her newest book club selection https://t.co/Ee4IMvlyWy https://t.co/FMfmVI2FkJ
97,CBSNews,CBS News,2018-06-05 12:32:08+00:00,0.0,1.0,0.0,0.0,"RT @CBSThisMorning: .@Oprah recalls sitting in Maya Angelou's kitchen when she told Winfrey: ""Your legacy is every life you touch. Your leg‚Ä¶"
96,CBSNews,CBS News,2018-06-05 12:33:27+00:00,0.0,1.0,0.0,0.0,Here‚Äôs a look at some of this morning‚Äôs headlines on @CBSThisMorning https://t.co/EZYOhzdA6m
95,CBSNews,CBS News,2018-06-05 12:38:36+00:00,0.0,1.0,0.0,0.0,"RT @CBSThisMorning: JUST IN: @Oprah reveals her newest highly-anticipated book club selection is ""The Sun Does Shine: How I Found Life and‚Ä¶"
94,CBSNews,CBS News,2018-06-05 12:39:57+00:00,0.0,1.0,0.0,0.0,"""So many lies"": Philadelphia Eagles wide receiver Torrey Smith fact checks President Trump after White House invite‚Ä¶ https://t.co/lPfDHZuRhO"
93,CBSNews,CBS News,2018-06-05 12:41:59+00:00,0.185,0.815,0.0,0.6124,‚ÄúMy mom did everything she could to make sure we were brought up right. I often say that if I could have one wish i‚Ä¶ https://t.co/OlKWnJ96Od
92,CBSNews,CBS News,2018-06-05 12:43:56+00:00,0.091,0.782,0.127,-0.2732,"RT @CBSThisMorning: ""I started to read it and I couldn't put it down. It's a true story of this man's anguish and the fact that he was mist‚Ä¶"
91,CBSNews,CBS News,2018-06-05 12:46:10+00:00,0.34,0.66,0.0,0.8515,"‚ÄúEvery week for 30 years Lester never missed a week,‚Äù @Oprah says of author Anthony Ray Hinton‚Äôs best friend, who v‚Ä¶ https://t.co/OUzEm9OUyi"
90,CBSNews,CBS News,2018-06-05 12:51:42+00:00,0.0,1.0,0.0,0.0,"Woman tweets about an ""angel"" who helped her in the airport -- turns out that angel was NFL player Jermaine Gresham‚Ä¶ https://t.co/RGsLvIe3rD"
89,CBSNews,CBS News,2018-06-05 13:00:01+00:00,0.109,0.891,0.0,0.296,"The UN human rights office is calling on the Trump administration to ""immediately halt"" its ""zero tolerance"" policy‚Ä¶ https://t.co/A25c92TlAx"
88,CBSNews,CBS News,2018-06-05 13:08:37+00:00,0.0,1.0,0.0,0.0,"RT @CBSThisMorning: Anthony Ray Hinton remembers 5 things an officer told him when he was wrongfully-convicted: 
1) You're black
2) A white‚Ä¶"
87,CBSNews,CBS News,2018-06-05 13:14:55+00:00,0.0,0.918,0.082,-0.1779,An international human rights group is accusing the U.S. and its allies of showing little regard for civilians' liv‚Ä¶ https://t.co/FWqEo2Uxqu
86,CBSNews,CBS News,2018-06-05 13:24:11+00:00,0.0,1.0,0.0,0.0,President Trump is gearing up for a major global summit in Canada this weekend. Here's what you need to know:‚Ä¶ https://t.co/WoYqR4jf3A
85,CBSNews,CBS News,2018-06-05 13:29:35+00:00,0.0,1.0,0.0,0.0,"First lady Melania Trump reappears after 24 days out of public view
https://t.co/MS3vW3F5FW https://t.co/xEcG38APlM"
84,CBSNews,CBS News,2018-06-05 13:33:14+00:00,0.144,0.791,0.065,0.4019,"Hard numbers:
- At the 500-day mark, Pres. Trump‚Äôs¬†approval rating¬†among Republicans is 87%
- U.S. cable news devot‚Ä¶ https://t.co/xKcGJguA0i"
83,CBSNews,CBS News,2018-06-05 13:44:42+00:00,0.126,0.669,0.204,-0.2732,"When her mom got into a car accident, this little girl went from ""hysterical"" to peacefully fast asleep in a fire f‚Ä¶ https://t.co/Yw4otWbxNK"
82,CBSNews,CBS News,2018-06-05 13:57:02+00:00,0.0,1.0,0.0,0.0,MOMENTS AGO: Harvey Weinstein arrives for court appearance in New York City https://t.co/IhrymDDFnB https://t.co/jCSiIsWv7A
81,CBSNews,CBS News,2018-06-05 14:34:16+00:00,0.0,0.875,0.125,-0.25,The national anthem at sporting events has a long history of protest and patriotism https://t.co/5DiIwprStj https://t.co/2wxwKkWUDr
80,CBSNews,CBS News,2018-06-05 14:44:39+00:00,0.0,1.0,0.0,0.0,Oprah's Book Club: Her latest pick by Anthony Ray Hinton was revealed on @CBSThisMorning  https://t.co/IHGNQVZQrQ https://t.co/eakMD1viMB
79,CBSNews,CBS News,2018-06-05 14:55:21+00:00,0.0,1.0,0.0,0.0,WATCH: Philadelphia Mayor Jim Kenney joins CBSN after President Trump canceled the Eagle's trip to the White House‚Ä¶ https://t.co/Q4yA7rg6j7
78,CBSNews,CBS News,2018-06-05 14:58:00+00:00,0.171,0.748,0.081,0.4867,"""Donald Trump ruins a lot of things but he can't ruin this,"" Philadelphia Mayor Jim Kenney says after the president‚Ä¶ https://t.co/i2tbnwdQLY"
77,CBSNews,CBS News,2018-06-05 14:59:56+00:00,0.178,0.822,0.0,0.3818,"President Trump, facing GOP pushback, vows U.S. trade will be stronger https://t.co/pHxzDySvhV https://t.co/h0d30ld61l"
76,CBSNews,CBS News,2018-06-05 15:01:07+00:00,0.0,0.881,0.119,-0.4019,‚ÄúMany mayors have stood up against this tyrant. He is trying to turn this country into a dictatorship by ignoring t‚Ä¶ https://t.co/x4jXcZtI0u
75,CBSNews,CBS News,2018-06-05 15:02:38+00:00,0.228,0.772,0.0,0.7346,"""That is the most important thing, that this team stays together and be the great team that we are. Don't let Donal‚Ä¶ https://t.co/zUe5zcdp75"
74,CBSNews,CBS News,2018-06-05 15:14:23+00:00,0.258,0.509,0.233,0.1456,NEW: Harvey Weinstein has pleaded not guilty to rape and criminal sex act charges https://t.co/4ZCKujyxtF https://t.co/FHjwMZQ9oG
73,CBSNews,CBS News,2018-06-05 15:14:40+00:00,0.0,0.808,0.192,-0.4215,"Miss America is dropping the swimsuit competition from its nationally televised broadcast, and will no longer judge‚Ä¶ https://t.co/YL9WvuVahf"
72,CBSNews,CBS News,2018-06-05 15:18:09+00:00,0.221,0.655,0.124,0.396,"Harvey Weinstein pleaded not guilty to rape in the first and third degree and criminal sexual act. He maintains, th‚Ä¶ https://t.co/TSfz4xgezM"
71,CBSNews,CBS News,2018-06-05 15:29:46+00:00,0.0,0.773,0.227,-0.6486,"Former sheriff's deputy says ""there was no time"" to intervene in Parkland shooting, says he's haunted by what happe‚Ä¶ https://t.co/n5tGJ5z0IB"
70,CBSNews,CBS News,2018-06-05 15:44:49+00:00,0.187,0.813,0.0,0.5994,"After the @Eagles were disinvited from their Super Bowl celebration at the White House today, Philadelphia's mayor‚Ä¶ https://t.co/SSXqxspLtD"
69,CBSNews,CBS News,2018-06-05 15:59:34+00:00,0.0,0.734,0.266,-0.7003,Mom who allowed men to rape her 5 and 6-year-old daughters for drugs and cash sentenced to prison‚Ä¶ https://t.co/x6MstKAhUB
68,CBSNews,CBS News,2018-06-05 16:11:02+00:00,0.0,0.798,0.202,-0.5106,"White House casts blame on Philadelphia Eagles after President Trump cancels event: ""In other words, the vast major‚Ä¶ https://t.co/MRQGoyuXOa"
67,CBSNews,CBS News,2018-06-05 16:15:12+00:00,0.0,1.0,0.0,0.0,"It's a jungle (primary) out there: under California's open primary system, all candidates run on the same ballot, r‚Ä¶ https://t.co/EWLQLVwP6f"
66,CBSNews,CBS News,2018-06-05 16:32:57+00:00,0.0,0.645,0.355,-0.8689,"NEW: Renowned designer Kate Spade, 55, found dead in her Manhattan apartment following an apparent suicide, police‚Ä¶ https://t.co/ZxTyypiadQ"
65,CBSNews,CBS News,2018-06-05 16:58:52+00:00,0.0,0.698,0.302,-0.5994,Puerto Rico ordered to release hurricane-related death data https://t.co/OGCQYZDZeu https://t.co/paN4xyPElh
64,CBSNews,CBS News,2018-06-05 17:14:40+00:00,0.0,0.5,0.5,-0.9001,"A suspect accused of stealing flags from a war memorial claimed he needed new curtains, police say‚Ä¶ https://t.co/dc9kNviOZR"
63,CBSNews,CBS News,2018-06-05 17:30:29+00:00,0.0,0.71,0.29,-0.6486,Jeff Sessions argues it's necessary to separate children from parents when detained at border:‚Ä¶ https://t.co/oT8phOnCxn
62,CBSNews,CBS News,2018-06-05 17:45:09+00:00,0.0,0.694,0.306,-0.8689,Kate Spade was found dead today at the age of 55 following an apparent suicide. The renowned designer was known for‚Ä¶ https://t.co/qKMyqPtRdA
61,CBSNews,CBS News,2018-06-05 17:47:28+00:00,0.0,0.899,0.101,-0.2263,"NEW: Senate Majority Leader Mitch McConnell cancels Senate's August recess ""due to the historic obstruction by Sena‚Ä¶ https://t.co/I4qEm0C6Xi"
60,CBSNews,CBS News,2018-06-05 17:59:43+00:00,0.244,0.478,0.278,-0.1779,Infant abducted by her sex offender father found safe after Amber Alert https://t.co/6HVCZpIX0b https://t.co/I8m7agUEPb
59,CBSNews,CBS News,2018-06-05 18:15:28+00:00,0.277,0.723,0.0,0.7096,Man with Down syndrome gets huge surprise from boss -- and the smile on his face says it all https://t.co/TeGTHbpQzx https://t.co/s3fQ3tbqGZ
58,CBSNews,CBS News,2018-06-05 18:16:33+00:00,0.0,1.0,0.0,0.0,WATCH LIVE: Senate Republicans address reporters on Capitol Hill after Senate Majority Leader Mitch McConnell cance‚Ä¶ https://t.co/3DI5RY6Lke
57,CBSNews,CBS News,2018-06-05 18:27:37+00:00,0.0,0.905,0.095,-0.2263,WATCH LIVE: @PressSec holds White House briefing after Pres. Trump cancels Eagles event; chair of Council of Econom‚Ä¶ https://t.co/yEfdc7kITH
56,CBSNews,CBS News,2018-06-05 18:41:12+00:00,0.0,1.0,0.0,0.0,"Reporter: ""Is the president aware that not a single player on the Eagles, for the entire season, knelt for the nati‚Ä¶ https://t.co/hGJQWcZJNX"
55,CBSNews,CBS News,2018-06-05 18:48:16+00:00,0.0,1.0,0.0,0.0,.@PressSec declines to comment on discrepancy between her past remarks on Donald Trump Jr. statement and letter fro‚Ä¶ https://t.co/kwY99hW5td
54,CBSNews,CBS News,2018-06-05 18:51:19+00:00,0.132,0.8,0.068,0.3832,"""I think you all know I'm an honest person that works extremely hard to provide you with accurate information at al‚Ä¶ https://t.co/x7NWuz7mZm"
53,CBSNews,CBS News,2018-06-05 18:56:36+00:00,0.0,1.0,0.0,0.0,".@PressSec: ""The president his position hasn't changed on this throughout the process...and the Eagles made the com‚Ä¶ https://t.co/5iGWRln2SE"
52,CBSNews,CBS News,2018-06-05 18:59:36+00:00,0.0,0.682,0.318,-0.7865,WARNING FOR PARENTS: Garden hoses left in the sun can result in scalding water. Fire Department issues a warning af‚Ä¶ https://t.co/VFqfapmbyU
51,CBSNews,CBS News,2018-06-05 19:00:24+00:00,0.321,0.679,0.0,0.8176,"""If the White House supports the [Colorado] baker's right of free speech, why doesn't the White House support the p‚Ä¶ https://t.co/vRUMn19T6h"
50,CBSNews,CBS News,2018-06-05 19:02:43+00:00,0.0,0.885,0.115,-0.3818,"""There are black and brown soldiers that fight in the military that feel taking the knee, bringing attention to pol‚Ä¶ https://t.co/ogScTHye3e"
49,CBSNews,CBS News,2018-06-05 19:05:33+00:00,0.3,0.7,0.0,0.8074,"Pres. Trump speaks at White House event that replaces visit from Super Bowl champions Philadelphia Eagles: ""We love‚Ä¶ https://t.co/73VN1bvPCV"
48,CBSNews,CBS News,2018-06-05 19:09:23+00:00,0.0,0.794,0.206,-0.4847,"Pres. Trump, though standing, does not sing ""God Bless America"" word-for-word, nodding along to melody as military‚Ä¶ https://t.co/mCXenwDLiP"
47,CBSNews,CBS News,2018-06-05 19:29:14+00:00,0.11,0.751,0.139,-0.128,Colorado Rockies draft pick deletes 2012 tweet wishing someone would shoot former President Obama‚Ä¶ https://t.co/gPPW5Et9Ly
46,CBSNews,CBS News,2018-06-05 19:40:31+00:00,0.087,0.805,0.107,-0.0772,"Today, the Miss America Organization announced a number of changes aimed at female empowerment:‚Ä¶ https://t.co/nEbq4oVrIG"
45,CBSNews,CBS News,2018-06-05 20:01:21+00:00,0.0,1.0,0.0,0.0,"Sen. Jeff Mekley (D-OR) says that what he witnessed in Texas at a migrant processing center is now ""seared"" in his‚Ä¶ https://t.co/pQu1LjgwGG"
44,CBSNews,CBS News,2018-06-05 20:14:34+00:00,0.0,1.0,0.0,0.0,"As its colossal merger closes, Bayer confirms that it is dropping Monsanto from its name https://t.co/xEO3BcKm4S https://t.co/9fsDZ8O5Va"
43,CBSNews,CBS News,2018-06-05 20:25:57+00:00,0.0,1.0,0.0,0.0,A Florida woman says she has found Jesus...in a horseshoe crab shell. Do you think this resembles Christ?‚Ä¶ https://t.co/DfFTMU3549
42,CBSNews,CBS News,2018-06-05 20:29:53+00:00,0.0,1.0,0.0,0.0,"For tonight‚Äôs #EyeOnAmerica, @DavidBegnaud spends a day in a Georgia jail where local police are deputized as ICE a‚Ä¶ https://t.co/RXlP3yg6QK"
41,CBSNews,CBS News,2018-06-05 20:44:37+00:00,0.121,0.777,0.102,0.1027,"Hoax call drew deputies and a SWAT team to the home of Parkland survivor David Hogg, officials say‚Ä¶ https://t.co/LLMInJewLU"
40,CBSNews,CBS News,2018-06-05 21:00:16+00:00,0.0,0.728,0.272,-0.6808,"Police in a Pennsylvania town have caught a man suspected of stealing flags from several locations, including a rec‚Ä¶ https://t.co/vpOa1LVMSl"
39,CBSNews,CBS News,2018-06-05 21:14:56+00:00,0.153,0.847,0.0,0.4019,Kate Spade's globally recognized brand began with her simple wish for an unfussy handbag https://t.co/F3RgfdYvUx https://t.co/On2jDJ4bnC
38,CBSNews,CBS News,2018-06-05 21:29:33+00:00,0.284,0.524,0.192,0.0258,"""The killing of a clearly identified medical staffer by security forces during a demonstration is particularly repr‚Ä¶ https://t.co/RvA1cdoE8Q"
37,CBSNews,CBS News,2018-06-05 21:44:40+00:00,0.0,1.0,0.0,0.0,Oprah Winfrey -- and the impact of her groundbreaking show -- is the subject of a new exhibit at the Smithsonian's‚Ä¶ https://t.co/1gyXnA1xaK
36,CBSNews,CBS News,2018-06-05 22:00:02+00:00,0.388,0.534,0.078,0.8271,"""No one wants the invite anyway.""  LeBron James came out in defense of the Super Bowl champion Philadelphia Eagles‚Ä¶ https://t.co/BZTFJLwaih"
35,CBSNews,CBS News,2018-06-05 22:29:24+00:00,0.112,0.888,0.0,0.4404,"RT @CBSEveningNews: We‚Äôre on the air in the East. @JeffGlor is live from Studio 57 in NYC

Thanks for being with us #OriginalReporting #CBS‚Ä¶"
34,CBSNews,CBS News,2018-06-05 22:37:44+00:00,0.0,1.0,0.0,0.0,A government contractor was taken into custody at a Secret Service checkpoint when he showed up for work. He was wa‚Ä¶ https://t.co/UHZQAqpHA0
33,CBSNews,CBS News,2018-06-05 22:40:36+00:00,0.379,0.621,0.0,0.9001,There was supposed to be a celebration today at the White House in honor of the Super Bowl champion Philadelphia Ea‚Ä¶ https://t.co/VpoE2Gttt1
32,CBSNews,CBS News,2018-06-05 22:43:25+00:00,0.0,0.893,0.107,-0.34,New evacuations were ordered in Guatemala where the Volcano of Fire has been sending out ash and smoke. The officia‚Ä¶ https://t.co/XtPYm1211f
31,CBSNews,CBS News,2018-06-05 22:46:12+00:00,0.208,0.792,0.0,0.6369,"Kate Spade, a designer who turned her love of handbags and accessories into a multinational, multibillion dollar br‚Ä¶ https://t.co/9sHOmgwLVd"
30,CBSNews,CBS News,2018-06-05 22:49:38+00:00,0.0,1.0,0.0,0.0,"RT @CBSEveningNews: The government is enlisting local law enforcement in the crackdown of undocumented immigrants

Officers in 78 departmen‚Ä¶"
29,CBSNews,CBS News,2018-06-05 22:56:37+00:00,0.0,0.904,0.096,-0.1531,"The Miss America Organization is dropping the swimsuit competition from its nationally televised broadcast, saying‚Ä¶ https://t.co/38TY0RYW9A"
28,CBSNews,CBS News,2018-06-05 23:01:02+00:00,0.0,1.0,0.0,0.0,A long-distance swimmer who conquered the Atlantic 20 years ago is now taking on the Pacific. @JimAxelrod has his s‚Ä¶ https://t.co/E13IC82iGk
27,CBSNews,CBS News,2018-06-05 23:14:42+00:00,0.0,1.0,0.0,0.0,"A spectator kneeled during the national anthem at the White House's ""Celebration of America"" event, which was being‚Ä¶ https://t.co/WoZMZ6C2tL"
26,CBSNews,CBS News,2018-06-05 23:29:35+00:00,0.0,1.0,0.0,0.0,"Tuesday marks one of the most closely-watched election days before November's midterm elections as eight states, in‚Ä¶ https://t.co/SfFnrm8eYJ"
25,CBSNews,CBS News,2018-06-05 23:37:59+00:00,0.0,0.809,0.191,-0.5423,"Kelly Sadler, the White House aide who mocked Sen. McCain about his health last month, is ""no longer employed withi‚Ä¶ https://t.co/QHujSARaiz"
24,CBSNews,CBS News,2018-06-05 23:54:30+00:00,0.173,0.693,0.134,0.2263,The Secret Service arrested a contractor outside the White House for an outstanding warrant that includes an attemp‚Ä¶ https://t.co/itFNlJZNVn
23,CBSNews,CBS News,2018-06-06 00:03:48+00:00,0.0,1.0,0.0,0.0,"Polls are closing in Alabama, Mississippi, New Jersey and South Dakota. Follow our live blog for updates on Tuesday‚Ä¶ https://t.co/4cx2FsmCQ8"
22,CBSNews,CBS News,2018-06-06 00:14:31+00:00,0.0,1.0,0.0,0.0,"""It depends on whether those trends we saw in that December election repeat. One of the things you did see [Doug] J‚Ä¶ https://t.co/AO9fFv2GoH"
21,CBSNews,CBS News,2018-06-06 00:21:38+00:00,0.0,0.924,0.076,-0.1027,"When a five-year-old boy challenged a firefighter to a race to suit up in full gear, a heated competition ensued. A‚Ä¶ https://t.co/NBvmiZUiZp"
20,CBSNews,CBS News,2018-06-05 21:00:16+00:00,0.0,0.728,0.272,-0.6808,"Police in a Pennsylvania town have caught a man suspected of stealing flags from several locations, including a rec‚Ä¶ https://t.co/vpOa1LVMSl"
19,CBSNews,CBS News,2018-06-05 21:14:56+00:00,0.153,0.847,0.0,0.4019,Kate Spade's globally recognized brand began with her simple wish for an unfussy handbag https://t.co/F3RgfdYvUx https://t.co/On2jDJ4bnC
18,CBSNews,CBS News,2018-06-05 21:29:33+00:00,0.284,0.524,0.192,0.0258,"""The killing of a clearly identified medical staffer by security forces during a demonstration is particularly repr‚Ä¶ https://t.co/RvA1cdoE8Q"
17,CBSNews,CBS News,2018-06-05 21:44:40+00:00,0.0,1.0,0.0,0.0,Oprah Winfrey -- and the impact of her groundbreaking show -- is the subject of a new exhibit at the Smithsonian's‚Ä¶ https://t.co/1gyXnA1xaK
16,CBSNews,CBS News,2018-06-05 22:00:02+00:00,0.388,0.534,0.078,0.8271,"""No one wants the invite anyway.""  LeBron James came out in defense of the Super Bowl champion Philadelphia Eagles‚Ä¶ https://t.co/BZTFJLwaih"
15,CBSNews,CBS News,2018-06-05 22:29:24+00:00,0.112,0.888,0.0,0.4404,"RT @CBSEveningNews: We‚Äôre on the air in the East. @JeffGlor is live from Studio 57 in NYC

Thanks for being with us #OriginalReporting #CBS‚Ä¶"
14,CBSNews,CBS News,2018-06-05 22:37:44+00:00,0.0,1.0,0.0,0.0,A government contractor was taken into custody at a Secret Service checkpoint when he showed up for work. He was wa‚Ä¶ https://t.co/UHZQAqpHA0
13,CBSNews,CBS News,2018-06-05 22:40:36+00:00,0.379,0.621,0.0,0.9001,There was supposed to be a celebration today at the White House in honor of the Super Bowl champion Philadelphia Ea‚Ä¶ https://t.co/VpoE2Gttt1
12,CBSNews,CBS News,2018-06-05 22:43:25+00:00,0.0,0.893,0.107,-0.34,New evacuations were ordered in Guatemala where the Volcano of Fire has been sending out ash and smoke. The officia‚Ä¶ https://t.co/XtPYm1211f
11,CBSNews,CBS News,2018-06-05 22:46:12+00:00,0.208,0.792,0.0,0.6369,"Kate Spade, a designer who turned her love of handbags and accessories into a multinational, multibillion dollar br‚Ä¶ https://t.co/9sHOmgwLVd"
10,CBSNews,CBS News,2018-06-05 22:49:38+00:00,0.0,1.0,0.0,0.0,"RT @CBSEveningNews: The government is enlisting local law enforcement in the crackdown of undocumented immigrants

Officers in 78 departmen‚Ä¶"
9,CBSNews,CBS News,2018-06-05 22:56:37+00:00,0.0,0.904,0.096,-0.1531,"The Miss America Organization is dropping the swimsuit competition from its nationally televised broadcast, saying‚Ä¶ https://t.co/38TY0RYW9A"
8,CBSNews,CBS News,2018-06-05 23:01:02+00:00,0.0,1.0,0.0,0.0,A long-distance swimmer who conquered the Atlantic 20 years ago is now taking on the Pacific. @JimAxelrod has his s‚Ä¶ https://t.co/E13IC82iGk
7,CBSNews,CBS News,2018-06-05 23:14:42+00:00,0.0,1.0,0.0,0.0,"A spectator kneeled during the national anthem at the White House's ""Celebration of America"" event, which was being‚Ä¶ https://t.co/WoZMZ6C2tL"
6,CBSNews,CBS News,2018-06-05 23:29:35+00:00,0.0,1.0,0.0,0.0,"Tuesday marks one of the most closely-watched election days before November's midterm elections as eight states, in‚Ä¶ https://t.co/SfFnrm8eYJ"
5,CBSNews,CBS News,2018-06-05 23:37:59+00:00,0.0,0.809,0.191,-0.5423,"Kelly Sadler, the White House aide who mocked Sen. McCain about his health last month, is ""no longer employed withi‚Ä¶ https://t.co/QHujSARaiz"
4,CBSNews,CBS News,2018-06-05 23:54:30+00:00,0.173,0.693,0.134,0.2263,The Secret Service arrested a contractor outside the White House for an outstanding warrant that includes an attemp‚Ä¶ https://t.co/itFNlJZNVn
3,CBSNews,CBS News,2018-06-06 00:03:48+00:00,0.0,1.0,0.0,0.0,"Polls are closing in Alabama, Mississippi, New Jersey and South Dakota. Follow our live blog for updates on Tuesday‚Ä¶ https://t.co/4cx2FsmCQ8"
2,CBSNews,CBS News,2018-06-06 00:14:31+00:00,0.0,1.0,0.0,0.0,"""It depends on whether those trends we saw in that December election repeat. One of the things you did see [Doug] J‚Ä¶ https://t.co/AO9fFv2GoH"
1,CBSNews,CBS News,2018-06-06 00:21:38+00:00,0.0,0.924,0.076,-0.1027,"When a five-year-old boy challenged a firefighter to a race to suit up in full gear, a heated competition ensued. A‚Ä¶ https://t.co/NBvmiZUiZp"
100,CNN,CNN,2018-06-05 14:32:38+00:00,0.0,0.868,0.132,-0.4404,Fox News is facing criticism after it aired photos of various players for the Philadelphia Eagles kneeling in praye‚Ä¶ https://t.co/gHLaNxGd0R
99,CNN,CNN,2018-06-05 14:42:52+00:00,0.0,0.637,0.363,-0.6908,"Apple's not the only company worried about your bad habits
 https://t.co/5khww9axOr https://t.co/OSPOdupJyB"
98,CNN,CNN,2018-06-05 14:54:00+00:00,0.0,0.805,0.195,-0.5574,"RT @CNNnewsroom: ""Make no mistake about it, it's President Trump's policies that are separating families at the border... that are isolatin‚Ä¶"
97,CNN,CNN,2018-06-05 15:01:00+00:00,0.061,0.939,0.0,0.0772,"Six months after they helped Democrat Doug Jones get elected, a record number of black women are now running for st‚Ä¶ https://t.co/0y75Oo0Bws"
96,CNN,CNN,2018-06-05 15:10:05+00:00,0.0,0.839,0.161,-0.3612,Student loan debt just hit $1.5 trillion. Women hold most of it. https://t.co/hnZb6TinL1 https://t.co/qY8wgdNzI6
95,CNN,CNN,2018-06-05 15:20:03+00:00,0.0,0.914,0.086,-0.1531,America's leading CEOs are scaling back plans for hiring and spending because of President Trump's aggressive trade‚Ä¶ https://t.co/v5BDBZhGeB
94,CNN,CNN,2018-06-05 15:30:03+00:00,0.0,1.0,0.0,0.0,"Starbucks' Howard Schultz: ""There is a very big difference"" between my qualifications and Trump's‚Ä¶ https://t.co/qs0jzBUVuD"
93,CNN,CNN,2018-06-05 15:36:50+00:00,0.0,1.0,0.0,0.0,RT @CNNPhotos: ‚ÄúThen the room moved‚Äù: Photographer Harry Benson was there when Bobby Kennedy was shot 50 years ago today: https://t.co/B37Q‚Ä¶
92,CNN,CNN,2018-06-05 15:40:08+00:00,0.0,1.0,0.0,0.0,"First lady Melania Trump will make her first public appearance today in front of press cameras, 26 days since she l‚Ä¶ https://t.co/EQEr6TWQJO"
91,CNN,CNN,2018-06-05 15:50:07+00:00,0.0,0.682,0.318,-0.7184,A photo of a man taking a selfie while emergency personnel were attending to a seriously injured woman on railway t‚Ä¶ https://t.co/rGWNXMzO3K
90,CNN,CNN,2018-06-05 16:00:09+00:00,0.0,0.854,0.146,-0.5574,At least 100 people are believed to have died after a boat carrying migrants sank off the coast of Tunisia on Satur‚Ä¶ https://t.co/ESIsxhZHJ1
89,CNN,CNN,2018-06-05 16:10:00+00:00,0.323,0.677,0.0,0.7351,This delivery man is being praised for taking a welcome mat's quirky instructions literally https://t.co/JTIKQxRdUs https://t.co/h42Mcx2ozV
88,CNN,CNN,2018-06-05 16:20:06+00:00,0.0,0.808,0.192,-0.6124,"Three sons, ages 13, 6, and 2, are in a New York state detention center. Another son is in a detention center in Ca‚Ä¶ https://t.co/0qWILBoW2L"
87,CNN,CNN,2018-06-05 16:30:10+00:00,0.0,1.0,0.0,0.0,Republican megadonor and billionaire David Koch is stepping down from his role at Koch Industries and other organiz‚Ä¶ https://t.co/9RyFTTONtz
86,CNN,CNN,2018-06-05 16:32:48+00:00,0.0,0.63,0.37,-0.8689,BREAKING: Designer Kate Spade was found dead in her New York apartment in an apparent suicide https://t.co/T8Oeu6oWlq
85,CNN,CNN,2018-06-05 16:40:07+00:00,0.0,1.0,0.0,0.0,"Russian President Vladimir Putin says he and President Trump ""regularly talk over the phone"" and that the pair work‚Ä¶ https://t.co/OgY346LpcU"
84,CNN,CNN,2018-06-05 16:50:04+00:00,0.109,0.739,0.152,-0.2732,The Puerto Rican government has seven days to release death certificates and data related to the true toll of Hurri‚Ä¶ https://t.co/PlIPvBkv0r
83,CNN,CNN,2018-06-05 17:00:13+00:00,0.0,1.0,0.0,0.0,The US and North Korea have settled on a venue for the summit between President Trump and North Korean leader Kim J‚Ä¶ https://t.co/bxD0TmV5UI
82,CNN,CNN,2018-06-05 17:11:06+00:00,0.118,0.882,0.0,0.4215,Education Secretary Betsy DeVos says looking at the role of guns in school safety was not a focus of the federal sc‚Ä¶ https://t.co/N1vG7WkCZY
81,CNN,CNN,2018-06-05 17:20:08+00:00,0.095,0.905,0.0,0.2716,California is in the spotlight for one of the most important primary days of the year. Here's what to watch:‚Ä¶ https://t.co/dw32o73OHO
80,CNN,CNN,2018-06-05 17:30:11+00:00,0.0,0.826,0.174,-0.2732,"Electric cars could put 100,000 German jobs at risk https://t.co/3inC0VVr6d https://t.co/MWrwJK94Bz"
79,CNN,CNN,2018-06-05 17:40:00+00:00,0.106,0.894,0.0,0.2263,This Army soldier traveled from Iraq for his daughter‚Äôs graduation and surprised her at the rehearsal‚Ä¶ https://t.co/EijYgmBway
78,CNN,CNN,2018-06-05 17:50:00+00:00,0.0,0.818,0.182,-0.4588,"Discarded plastic is in our food chain - eating shellfish could expose you to 11,000 bits of micro-plastic each yea‚Ä¶ https://t.co/TWOEB86qRS"
77,CNN,CNN,2018-06-05 18:00:00+00:00,0.0,1.0,0.0,0.0,The sanctuary saving Thailand's disappearing elephants: https://t.co/6EtVhBR3n7  #WorldEnvironmentDay https://t.co/R9al8CHJcR
76,CNN,CNN,2018-06-05 18:10:00+00:00,0.0,1.0,0.0,0.0,This surveillance camera footage shows a tiny asteroid that NASA says disintegrated over southern Africa‚Ä¶ https://t.co/gA8BL8x6Tl
75,CNN,CNN,2018-06-05 18:20:06+00:00,0.133,0.867,0.0,0.25,"Wells Fargo is closing all its branches in Indiana, Michigan and Ohio https://t.co/wY6qQiRsIF https://t.co/YbVCt7gsCw"
74,CNN,CNN,2018-06-05 18:24:17+00:00,0.0,1.0,0.0,0.0,Sarah Sanders talks to reporters a day after Trump canceled the Philadelphia Eagles' trip to White House. Watch liv‚Ä¶ https://t.co/XSM9ibWfRX
73,CNN,CNN,2018-06-05 18:35:07+00:00,0.0,1.0,0.0,0.0,"Saudi Arabia has issued its first driver's licenses to 10 women ahead of June 24, when the Kingdom's due to end the‚Ä¶ https://t.co/gl3oA5NIb8"
72,CNN,CNN,2018-06-05 18:47:58+00:00,0.115,0.885,0.0,0.3818,"Sanders: ""The Eagles are the ones who tried to changed their commitment at the eleventh hour‚Ä¶ if this wasn‚Äôt a poli‚Ä¶ https://t.co/hs034bpHo1"
71,CNN,CNN,2018-06-05 19:00:17+00:00,0.0,1.0,0.0,0.0,"The family of Marjory Stoneman Douglas High School student activist David Hogg was the target of a ""swatting"" incid‚Ä¶ https://t.co/3tgT9V6T3a"
70,CNN,CNN,2018-06-05 19:10:11+00:00,0.0,1.0,0.0,0.0,White House again refuses to comment on previous false statements https://t.co/khMcwsvqzM https://t.co/LgTe4GlNak
69,CNN,CNN,2018-06-05 19:20:07+00:00,0.333,0.667,0.0,0.6124,Social Security must reduce benefits in 2034 if reforms aren't made https://t.co/nRzyUkNhdM
68,CNN,CNN,2018-06-05 19:30:15+00:00,0.0,0.885,0.115,-0.296,"American companies announced a record $201.3 billion in stock buybacks and cash takeovers in May.

Critics say the‚Ä¶ https://t.co/rBCA6azHdm"
67,CNN,CNN,2018-06-05 19:40:07+00:00,0.0,0.926,0.074,-0.1531,"Miss America pageant is getting rid of its swimsuit competitions and will be more inclusive to women of all sizes,‚Ä¶ https://t.co/OT1fLl8wE6"
66,CNN,CNN,2018-06-05 19:50:07+00:00,0.0,1.0,0.0,0.0,"Alex van der Zwaan, the only person to serve time in Mueller investigation, has been deported‚Ä¶ https://t.co/OECkrEJy4N"
65,CNN,CNN,2018-06-05 20:00:12+00:00,0.13,0.87,0.0,0.4019,President Trump tweets out support for House Majority Leader Kevin McCarthy and Republican Rep. Devin Nunes in Cali‚Ä¶ https://t.co/5TwGqJyJZN
64,CNN,CNN,2018-06-05 20:10:11+00:00,0.109,0.891,0.0,0.4019,Polling in the last year has been split half and half on support for players in the NFL kneeling during the Nationa‚Ä¶ https://t.co/QKWmoe4t3x
63,CNN,CNN,2018-06-05 20:20:05+00:00,0.17,0.83,0.0,0.4391,Today is the most important day of 2018 so far for Democrats' chances in the House | Analysis by Chris Cillizza‚Ä¶ https://t.co/wrZsOVitcH
62,CNN,CNN,2018-06-05 20:31:05+00:00,0.0,1.0,0.0,0.0,How much longer can the US economy keep rolling? https://t.co/t9yM5wI5zr
61,CNN,CNN,2018-06-05 20:40:04+00:00,0.0,1.0,0.0,0.0,Elon Musk is about to face scrutiny at Tesla's shareholder meeting https://t.co/QCXB5OE20a https://t.co/ORhe6WqD4x
60,CNN,CNN,2018-06-05 20:50:08+00:00,0.192,0.728,0.08,0.4404,"In 16 years, Social Security will have to cut benefits by 21% if lawmakers do nothing to cure the program's long-te‚Ä¶ https://t.co/KyM3BYOCji"
59,CNN,CNN,2018-06-05 21:00:15+00:00,0.442,0.558,0.0,0.8271,Bill Gates is giving 2018 college grads his favorite new book for free https://t.co/dEWjdkmPRQ
58,CNN,CNN,2018-06-05 21:06:07+00:00,0.13,0.87,0.0,0.4019,EPA administrator Scott Pruitt enlisted the help of an aide to inquire about the possibility of a business opportun‚Ä¶ https://t.co/eEmKcDjMXU
57,CNN,CNN,2018-06-05 21:17:11+00:00,0.061,0.939,0.0,0.0258,"""Red flag"" laws might have prevented some firearms-related suicides, a new study suggests.

These types of laws, wh‚Ä¶ https://t.co/1q4IqXqr5Y"
56,CNN,CNN,2018-06-05 21:21:03+00:00,0.0,1.0,0.0,0.0,More than 100 monuments and symbols have been removed from 22 states and DC since the Charleston church shooting --‚Ä¶ https://t.co/rGHFGkbIMb
55,CNN,CNN,2018-06-05 21:31:07+00:00,0.16,0.705,0.135,0.1027,An Auschwitz survivor warned the Italian Senate away from anti-immigrant actions https://t.co/TpLtXCQUDp https://t.co/xAA9EQ2Nsv
54,CNN,CNN,2018-06-05 21:41:03+00:00,0.0,0.833,0.167,-0.6597,"In the days before he took his own life, Dwight Lamon Jones went on a killing spree, shooting six people in three A‚Ä¶ https://t.co/OICpvUpbrw"
53,CNN,CNN,2018-06-05 21:48:47+00:00,0.097,0.717,0.186,-0.4767,"BREAKING: Kelly Sadler, the White House communications aide who joked about Sen. John McCain's brain cancer last mo‚Ä¶ https://t.co/7WKDkEKgqB"
52,CNN,CNN,2018-06-05 21:55:22+00:00,0.113,0.795,0.092,0.128,RT @CNNSitRoom: Special counsel's office has accused former Trump campaign chairman Paul Manafort of attempting to get witnesses to lie for‚Ä¶
51,CNN,CNN,2018-06-05 21:58:32+00:00,0.145,0.777,0.078,0.3182,The Teamsters and United Parcel Service could be heading toward the nation's largest strike in decades‚Ä¶ https://t.co/9t3tiGX4M4
50,CNN,CNN,2018-06-05 21:58:59+00:00,0.0,0.68,0.32,-0.7906,RT @TheLeadCNN: @jaketapper .@jaketapper: The President lies about the Eagles protesting during the Anthem. The White House accuses them of‚Ä¶
49,CNN,CNN,2018-06-05 22:02:51+00:00,0.0,0.926,0.074,-0.1531,"""On a personal level, we can all follow the ethos of the Miss America competition, and make a conscious effort to s‚Ä¶ https://t.co/noPAGo1Y4B"
48,CNN,CNN,2018-06-05 22:10:16+00:00,0.063,0.777,0.16,-0.4588,"Former Illinois Gov. Rod Blagojevich is officially asking President Donald Trump to commute his prison sentence, fi‚Ä¶ https://t.co/QLQ2UqbZJ9"
47,CNN,CNN,2018-06-05 22:15:48+00:00,0.095,0.905,0.0,0.2263,"How Apple, which is currently worth $945 billion and on track to become the first-ever trillion-dollar company, has‚Ä¶ https://t.co/yXvihg6Udk"
46,CNN,CNN,2018-06-05 22:21:10+00:00,0.0,1.0,0.0,0.0,Women recount why their Kate Spade purse was more than a handbag https://t.co/pZqEb4ZZdz via @CNNStyle https://t.co/lpJ1uaNhoK
45,CNN,CNN,2018-06-05 22:24:10+00:00,0.0,0.896,0.104,-0.296,"‚ÄúIf there was no collusion, then why lie about what took place in Trump Tower?‚Äù Rep. Adam Schiff asks‚Ä¶ https://t.co/afT6Ame3r6"
44,CNN,CNN,2018-06-05 22:31:10+00:00,0.0,1.0,0.0,0.0,"Iowa Republican Sen. Joni Ernst called EPA Administrator Scott Pruitt ""as swampy as you get"" https://t.co/M3QQOAYqgB https://t.co/IA0ep23Xu4"
43,CNN,CNN,2018-06-05 22:41:05+00:00,0.0,0.931,0.069,-0.1027,It's hard to remember a time when Starbucks wasn't on every big-city corner and in every US suburban shopping cente‚Ä¶ https://t.co/g2w4az5dt3
42,CNN,CNN,2018-06-05 22:46:00+00:00,0.323,0.677,0.0,0.7351,This delivery man is being praised for taking a welcome mat's quirky instructions literally https://t.co/JTIKQxRdUs https://t.co/iD4F80ctIY
41,CNN,CNN,2018-06-05 22:51:04+00:00,0.0,1.0,0.0,0.0,Former FBI Deputy Director Andrew McCabe has requested immunity in exchange for testifying at an upcoming congressi‚Ä¶ https://t.co/EeK45nooGd
40,CNN,CNN,2018-06-05 22:59:48+00:00,0.0,0.905,0.095,-0.2263,White House communications aide Kelly Sadler was quietly let go nearly a month after making an insensitive remark a‚Ä¶ https://t.co/dynu5Lciby
39,CNN,CNN,2018-06-05 23:01:07+00:00,0.0,0.874,0.126,-0.3818,President Trump has unblocked the 7 plaintiffs who sued him and members of his administration for blocking them on‚Ä¶ https://t.co/5AH11urc02
38,CNN,CNN,2018-06-05 23:06:49+00:00,0.223,0.703,0.074,0.5859,"Tyler Soloman wiped tears of joy off his face after his father, who'd been deployed overseas, surprised Tyler by sh‚Ä¶ https://t.co/dZHUPa782l"
37,CNN,CNN,2018-06-05 23:11:03+00:00,0.099,0.901,0.0,0.3182,"The original Gerber baby, Ann Turner Cook, met with Lucas Warren, the first child with Down syndrome named as the b‚Ä¶ https://t.co/hjBMOApIsT"
36,CNN,CNN,2018-06-05 23:16:00+00:00,0.0,1.0,0.0,0.0,This surveillance camera footage shows a tiny asteroid that NASA says disintegrated over southern Africa https://t.co/LvxGW3DO4C
35,CNN,CNN,2018-06-05 23:31:07+00:00,0.0,1.0,0.0,0.0,"For the first time in at least 20 years, there are now more job openings than there are people looking for work, ac‚Ä¶ https://t.co/CPRrBKuBNB"
34,CNN,CNN,2018-06-05 23:40:00+00:00,0.0,0.698,0.302,-0.8316,A White House contractor wanted by police on an attempted first-degree murder charge was arrested as he came in to‚Ä¶ https://t.co/kaYfR7pbzp
33,CNN,CNN,2018-06-05 23:42:54+00:00,0.0,0.866,0.134,-0.4767,"RT @CNNSitRoom: On the President continuing to attack Attorney General Jeff Sessions, @RepAdamSchiff says if he were one of Trump‚Äôs lawyers‚Ä¶"
32,CNN,CNN,2018-06-05 23:46:01+00:00,0.106,0.894,0.0,0.2263,This Army soldier traveled from Iraq for his daughter‚Äôs graduation and surprised her at the rehearsal‚Ä¶ https://t.co/A0K4B3Z06B
31,CNN,CNN,2018-06-05 23:49:27+00:00,0.177,0.823,0.0,0.5106,"""I think that this is all a stunt, and I think that the President is playing the NFL like a fiddle, and these playe‚Ä¶ https://t.co/UnYhb9xeTr"
30,CNN,CNN,2018-06-06 00:01:06+00:00,0.108,0.892,0.0,0.3182,"National Park Service acting director Paul Daniel Smith apologized to employees in an email for behaving ""in an ina‚Ä¶ https://t.co/LUf7aGLVR7"
29,CNN,CNN,2018-06-06 00:06:08+00:00,0.171,0.829,0.0,0.3182,Republican senators say they have received commitments from President Donald Trump and his top lieutenants that Con‚Ä¶ https://t.co/ijAUGNdsEG
28,CNN,CNN,2018-06-06 00:09:07+00:00,0.13,0.87,0.0,0.2732,".@JohnKingCNN explains the significance of California's ""Jungle Primary"" and the impact it could have‚Ä¶ https://t.co/O20261Iee7"
27,CNN,CNN,2018-06-06 00:11:04+00:00,0.0,1.0,0.0,0.0,"On Wednesday, President Donald Trump's White House will host its first iftar, the sundown meal that breaks fasts du‚Ä¶ https://t.co/FK5wcKuLZx"
26,CNN,CNN,2018-06-06 00:16:04+00:00,0.0,0.891,0.109,-0.296,The former head of USA Gymnastics exercised his Fifth Amendment right to avoid self-incrimination and declined to t‚Ä¶ https://t.co/8ttEooSDrY
25,CNN,CNN,2018-06-06 00:24:43+00:00,0.106,0.809,0.085,0.128,"Anderson Cooper: When it comes to the Eagles and political stunts, it sounds like the White House doth protest too‚Ä¶ https://t.co/eEtXC5piUT"
24,CNN,CNN,2018-06-06 00:30:41+00:00,0.079,0.648,0.273,-0.6369,"Seattle just passed a controversial ""Amazon tax"" to alleviate the city's housing crisis, and now there's considerat‚Ä¶ https://t.co/eDt2hA0CAw"
23,CNN,CNN,2018-06-06 00:37:12+00:00,0.0,1.0,0.0,0.0,Here are some key events in the talks between the Trump and Mueller teams https://t.co/s9psjAaVGj https://t.co/rLZruhOViE
22,CNN,CNN,2018-06-06 00:38:24+00:00,0.0,1.0,0.0,0.0,State Department spokeswoman Heather Nauert cited the D-Day invasion during an answer about the current state of US‚Ä¶ https://t.co/e00nFoaH4f
21,CNN,CNN,2018-06-06 00:40:24+00:00,0.197,0.803,0.0,0.5994,RT @AC360: ‚ÄúTrump relishes this reality-like TV world that he lives in all by himself‚Ä¶ he is an emotional and intellectual lilliputian.‚Äù‚Ä¶
20,CNN,CNN,2018-06-05 22:59:48+00:00,0.0,0.905,0.095,-0.2263,White House communications aide Kelly Sadler was quietly let go nearly a month after making an insensitive remark a‚Ä¶ https://t.co/dynu5Lciby
19,CNN,CNN,2018-06-05 23:01:07+00:00,0.0,0.874,0.126,-0.3818,President Trump has unblocked the 7 plaintiffs who sued him and members of his administration for blocking them on‚Ä¶ https://t.co/5AH11urc02
18,CNN,CNN,2018-06-05 23:06:49+00:00,0.223,0.703,0.074,0.5859,"Tyler Soloman wiped tears of joy off his face after his father, who'd been deployed overseas, surprised Tyler by sh‚Ä¶ https://t.co/dZHUPa782l"
17,CNN,CNN,2018-06-05 23:11:03+00:00,0.099,0.901,0.0,0.3182,"The original Gerber baby, Ann Turner Cook, met with Lucas Warren, the first child with Down syndrome named as the b‚Ä¶ https://t.co/hjBMOApIsT"
16,CNN,CNN,2018-06-05 23:16:00+00:00,0.0,1.0,0.0,0.0,This surveillance camera footage shows a tiny asteroid that NASA says disintegrated over southern Africa https://t.co/LvxGW3DO4C
15,CNN,CNN,2018-06-05 23:31:07+00:00,0.0,1.0,0.0,0.0,"For the first time in at least 20 years, there are now more job openings than there are people looking for work, ac‚Ä¶ https://t.co/CPRrBKuBNB"
14,CNN,CNN,2018-06-05 23:40:00+00:00,0.0,0.698,0.302,-0.8316,A White House contractor wanted by police on an attempted first-degree murder charge was arrested as he came in to‚Ä¶ https://t.co/kaYfR7pbzp
13,CNN,CNN,2018-06-05 23:42:54+00:00,0.0,0.866,0.134,-0.4767,"RT @CNNSitRoom: On the President continuing to attack Attorney General Jeff Sessions, @RepAdamSchiff says if he were one of Trump‚Äôs lawyers‚Ä¶"
12,CNN,CNN,2018-06-05 23:46:01+00:00,0.106,0.894,0.0,0.2263,This Army soldier traveled from Iraq for his daughter‚Äôs graduation and surprised her at the rehearsal‚Ä¶ https://t.co/A0K4B3Z06B
11,CNN,CNN,2018-06-05 23:49:27+00:00,0.177,0.823,0.0,0.5106,"""I think that this is all a stunt, and I think that the President is playing the NFL like a fiddle, and these playe‚Ä¶ https://t.co/UnYhb9xeTr"
10,CNN,CNN,2018-06-06 00:01:06+00:00,0.108,0.892,0.0,0.3182,"National Park Service acting director Paul Daniel Smith apologized to employees in an email for behaving ""in an ina‚Ä¶ https://t.co/LUf7aGLVR7"
9,CNN,CNN,2018-06-06 00:06:08+00:00,0.171,0.829,0.0,0.3182,Republican senators say they have received commitments from President Donald Trump and his top lieutenants that Con‚Ä¶ https://t.co/ijAUGNdsEG
8,CNN,CNN,2018-06-06 00:09:07+00:00,0.13,0.87,0.0,0.2732,".@JohnKingCNN explains the significance of California's ""Jungle Primary"" and the impact it could have‚Ä¶ https://t.co/O20261Iee7"
7,CNN,CNN,2018-06-06 00:11:04+00:00,0.0,1.0,0.0,0.0,"On Wednesday, President Donald Trump's White House will host its first iftar, the sundown meal that breaks fasts du‚Ä¶ https://t.co/FK5wcKuLZx"
6,CNN,CNN,2018-06-06 00:16:04+00:00,0.0,0.891,0.109,-0.296,The former head of USA Gymnastics exercised his Fifth Amendment right to avoid self-incrimination and declined to t‚Ä¶ https://t.co/8ttEooSDrY
5,CNN,CNN,2018-06-06 00:24:43+00:00,0.106,0.809,0.085,0.128,"Anderson Cooper: When it comes to the Eagles and political stunts, it sounds like the White House doth protest too‚Ä¶ https://t.co/eEtXC5piUT"
4,CNN,CNN,2018-06-06 00:30:41+00:00,0.079,0.648,0.273,-0.6369,"Seattle just passed a controversial ""Amazon tax"" to alleviate the city's housing crisis, and now there's considerat‚Ä¶ https://t.co/eDt2hA0CAw"
3,CNN,CNN,2018-06-06 00:37:12+00:00,0.0,1.0,0.0,0.0,Here are some key events in the talks between the Trump and Mueller teams https://t.co/s9psjAaVGj https://t.co/rLZruhOViE
2,CNN,CNN,2018-06-06 00:38:24+00:00,0.0,1.0,0.0,0.0,State Department spokeswoman Heather Nauert cited the D-Day invasion during an answer about the current state of US‚Ä¶ https://t.co/e00nFoaH4f
1,CNN,CNN,2018-06-06 00:40:24+00:00,0.197,0.803,0.0,0.5994,RT @AC360: ‚ÄúTrump relishes this reality-like TV world that he lives in all by himself‚Ä¶ he is an emotional and intellectual lilliputian.‚Äù‚Ä¶
100,FoxNews,Fox News,2018-06-05 16:16:42+00:00,0.0,0.719,0.281,-0.6486,"JUST IN: Fashion designer Kate Spade found dead, AP reports https://t.co/f4NoAQk8JB https://t.co/EYknikCw1r"
99,FoxNews,Fox News,2018-06-05 16:30:19+00:00,0.149,0.649,0.201,-0.2023,"Months after Pence promise, Iraqi Christians say they are 'worse off' https://t.co/XZsaK2ZGj1"
98,FoxNews,Fox News,2018-06-05 16:31:55+00:00,0.0,1.0,0.0,0.0,Kentucky high school valedictorian trolls crowd quoting Trump but reveals it was Obama who said it https://t.co/9vhM3Vi6Zl
97,FoxNews,Fox News,2018-06-05 16:37:51+00:00,0.0,1.0,0.0,0.0,"Pizza chain offering pizza bouquets, boutonnieres in summer wedding contest https://t.co/uqHBNfUAnz"
96,FoxNews,Fox News,2018-06-05 16:46:14+00:00,0.0,0.82,0.18,-0.296,Deputy takes down hammer-wielding suspect with two cans of beans https://t.co/XbcuNCB3PK
95,FoxNews,Fox News,2018-06-05 16:50:08+00:00,0.0,0.756,0.244,-0.4404,"ICE raids Ohio lawn and garden business, arrests 114 https://t.co/cpiiGk4KLi"
94,FoxNews,Fox News,2018-06-05 17:02:21+00:00,0.0,0.556,0.444,-0.8689,Kate Spade dead: Celebs and fashion industry react to designer's apparent suicide https://t.co/VNQ7iZHxJW
93,FoxNews,Fox News,2018-06-05 17:14:22+00:00,0.114,0.886,0.0,0.2023,.@CLewandowski_: ‚ÄúThis is a president who demands results and demands swift and definitive action.‚Äù #OutnumberedOT https://t.co/UlR0Cd2VEj
92,FoxNews,Fox News,2018-06-05 17:17:18+00:00,0.0,0.784,0.216,-0.5267,".@CLewandowski_: ‚ÄúThere was no collusion, there was no coordination between the Trump campaign and anybody from Rus‚Ä¶ https://t.co/E9kqkBUL24"
91,FoxNews,Fox News,2018-06-05 17:28:04+00:00,0.317,0.683,0.0,0.836,"Jack Phillips, owner of Masterpiece Cakeshop: ‚ÄúI think it‚Äôs a complete win. They covered everything that we asked t‚Ä¶ https://t.co/JJhyIlIeIc"
90,FoxNews,Fox News,2018-06-05 17:34:05+00:00,0.0,0.826,0.174,-0.2263,JUST IN: @SenateMajLdr cancels Senate's traditional August recess https://t.co/mhPI8SAsaR https://t.co/dami4Arr06
89,FoxNews,Fox News,2018-06-05 17:43:24+00:00,0.0,1.0,0.0,0.0,New XFL commissioner says league will require its players to stand for national anthem https://t.co/xjtzrAfpRn
88,FoxNews,Fox News,2018-06-05 17:48:07+00:00,0.0,1.0,0.0,0.0,White House announces location of Trump-Kim summit in Singapore https://t.co/cm6whOoupd
87,FoxNews,Fox News,2018-06-05 17:52:00+00:00,0.0,1.0,0.0,0.0,"Photo of the day: A rainbow appears as the storm clouds part at sunset in Aventura, Florida. https://t.co/PwUcEaGuGk"
86,FoxNews,Fox News,2018-06-05 18:05:33+00:00,0.0,0.816,0.184,-0.4019,"Drivers claim overhead plane dumped feces on cars, people in Canadian town https://t.co/sTVRCdepRd"
85,FoxNews,Fox News,2018-06-05 18:23:45+00:00,0.0,1.0,0.0,0.0,.@PressSec Sarah Sanders holds a White House press briefing. https://t.co/o7VGXV5jYp
84,FoxNews,Fox News,2018-06-05 18:55:24+00:00,0.0,1.0,0.0,0.0,".@PressSec on new jobs numbers: ""America's economic potential has been unleashed."" https://t.co/Wi0iC2mzca https://t.co/FkWGQsxW92"
83,FoxNews,Fox News,2018-06-05 19:00:13+00:00,0.0,1.0,0.0,0.0,".@POTUS participates in the ""Celebration of America."" https://t.co/FGDK78RYBQ"
82,FoxNews,Fox News,2018-06-05 19:04:30+00:00,0.206,0.711,0.083,0.4767,"Kevin Hassett on economy: ""We've gone from a 'new normal' of low growth to just 'normal' which is 3% growth America‚Ä¶ https://t.co/EF7o4WgV0G"
81,FoxNews,Fox News,2018-06-05 19:05:23+00:00,0.405,0.595,0.0,0.8979,".@POTUS: ""We love our country, we respect our flag and we always proudly stand for the national anthem."" https://t.co/ScJxbNxL4y"
80,FoxNews,Fox News,2018-06-05 19:09:39+00:00,0.321,0.596,0.083,0.802,".@POTUS: ""We stand to honor our military, and to honor our country and to remember the fallen heroes who never made‚Ä¶ https://t.co/ohdAHbnBgu"
79,FoxNews,Fox News,2018-06-05 19:11:24+00:00,0.239,0.677,0.084,0.5994,"Kevin Hassett on small business optimism: ""@POTUS promised that he would cut taxes, that he'd reduce taxes on small‚Ä¶ https://t.co/ej5Hli2gl0"
78,FoxNews,Fox News,2018-06-05 19:15:02+00:00,0.414,0.586,0.0,0.9186,".@POTUS: ""We stand together for freedom, we stand together for patriotism and we proudly stand for our glorious nat‚Ä¶ https://t.co/nMmKmXgiqQ"
77,FoxNews,Fox News,2018-06-05 19:15:08+00:00,0.0,0.868,0.132,-0.4404,"Kevin Hassett: ""It's only seven times [looking] back to 1970 that we've had an unemployment rate below four percent‚Ä¶ https://t.co/HA5tgLn4Gl"
76,FoxNews,Fox News,2018-06-05 19:19:03+00:00,0.0,0.873,0.127,-0.4404,"Kevin Hassett: ""You can see that the gap between the unemployment rate for black workers and white workers has gone‚Ä¶ https://t.co/Zu5iW6W3XZ"
75,FoxNews,Fox News,2018-06-05 19:24:04+00:00,0.0,1.0,0.0,0.0,".@PressSec on cancellation of Senate August recess: ""There's been historic obstruction by Senate Democrats and ther‚Ä¶ https://t.co/YVZiHrPyEC"
74,FoxNews,Fox News,2018-06-05 19:30:49+00:00,0.187,0.813,0.0,0.5994,".@PressSec on cancellation Super Bowl celebration: ""The @Eagles are the ones that tried to change their commitment‚Ä¶ https://t.co/M6QFTmYnsg"
73,FoxNews,Fox News,2018-06-05 19:55:52+00:00,0.0,0.865,0.135,-0.4215,"‚ÄòI am doing this on my own time‚Äô

Florida elementary teacher caught in classroom sex romp denies wrongdoing. https://t.co/PmNKZDJPEs"
72,FoxNews,Fox News,2018-06-05 20:02:16+00:00,0.116,0.884,0.0,0.2732,".@PressSec: ""If this wasn't a political stunt [the @Eagles] wouldn't have waited until Monday, well after a thousan‚Ä¶ https://t.co/wWT83cJWV0"
71,FoxNews,Fox News,2018-06-05 20:08:01+00:00,0.249,0.751,0.0,0.6486,".@PressSec on canceling @Eagles celebration: ""Certainly we would hope that all of the people of Pennsylvania would‚Ä¶ https://t.co/MsQ4lUGM9N"
70,FoxNews,Fox News,2018-06-05 20:12:08+00:00,0.0,1.0,0.0,0.0,Eight states are holding crucial primaries today. Here's a preview ahead of the polls closing. #Cavuto‚Ä¶ https://t.co/9RwhTRT9Rb
69,FoxNews,Fox News,2018-06-05 20:13:07+00:00,0.076,0.924,0.0,0.2263,RT @FoxBusiness: AT THE CLOSE: The Nasdaq finished the day at a new record high for the second straight day. The Dow Jones Industrial Avera‚Ä¶
68,FoxNews,Fox News,2018-06-05 20:14:30+00:00,0.0,1.0,0.0,0.0,".@PressSec: ""Frankly, I think my credibility's probably higher than the media's."" https://t.co/4K6j0xG12r"
67,FoxNews,Fox News,2018-06-05 20:17:43+00:00,0.231,0.769,0.0,0.5859,Arkansas police officers and firefighters surprise a teen with autism at his birthday party after only 3 people att‚Ä¶ https://t.co/i7F6xnq4IW
66,FoxNews,Fox News,2018-06-05 20:19:48+00:00,0.108,0.892,0.0,0.3182,".@PressSec: ""We look at ways, every single day, to unify our country. The president has worked actively and tireles‚Ä¶ https://t.co/nCL8RkP5Et"
65,FoxNews,Fox News,2018-06-05 20:30:13+00:00,0.096,0.904,0.0,0.2023,".@SenJohnBarrasso on @SenateMajLdr scrapping the August recess: ""I think it's an important thing to do. We've been‚Ä¶ https://t.co/g0byKdpEgO"
64,FoxNews,Fox News,2018-06-05 20:38:21+00:00,0.0,1.0,0.0,0.0,'Swatting' call made to Parkland activist David Hogg's home. https://t.co/zJ9e6UMKFZ
63,FoxNews,Fox News,2018-06-05 20:43:04+00:00,0.0,0.807,0.193,-0.4767,Texas firefighter arrested after new wife discovers he's already married to multiple women. https://t.co/B0P9s0Hu4W
62,FoxNews,Fox News,2018-06-05 20:49:00+00:00,0.0,0.815,0.185,-0.5267,OPINION: The Republican comeback is a real threat to the elite media's 'blue wave' theory. - @newtgingrich https://t.co/aaksnVO9wA
61,FoxNews,Fox News,2018-06-05 20:55:30+00:00,0.346,0.576,0.078,0.6343,.@KingJames says the NBA Finals winner wouldn't want a White House invite. https://t.co/KGIgzzx2sb
60,FoxNews,Fox News,2018-06-05 20:59:50+00:00,0.0,1.0,0.0,0.0,".@dennisrodman is expected to be in Singapore ahead of the summit between Kim Jong Un and @POTUS, according to a ne‚Ä¶ https://t.co/dHAT2eMCtS"
59,FoxNews,Fox News,2018-06-05 21:01:21+00:00,0.0,0.816,0.184,-0.5574,Hawaii's Kilauea volcano lava destroys hundreds of homes as an explosion spews toxic ash a mile high. https://t.co/nDeZo6Nhkx
58,FoxNews,Fox News,2018-06-05 21:05:53+00:00,0.0,1.0,0.0,0.0,"Earlier, @POTUS participated in a ""Celebration of America"" event at the @WhiteHouse. https://t.co/LOzih2zyVI"
57,FoxNews,Fox News,2018-06-05 21:08:10+00:00,0.171,0.829,0.0,0.4767,.@JesseBWatters: ‚ÄúBoth are winners. The Eagles beat the Patriots and Trump beat ‚Äòcrooked Hillary.‚Äô‚Äù #TheFive https://t.co/survfbz9QW
56,FoxNews,Fox News,2018-06-05 21:13:18+00:00,0.0,1.0,0.0,0.0,Driver unhurt after car nosedives into ditch https://t.co/BzcJUJUyUm
55,FoxNews,Fox News,2018-06-05 21:31:31+00:00,0.0,1.0,0.0,0.0,"‚ÄúTurnout is the key in midterms.‚Äù

@TheJuanWilliams on eight states holding key primary elections #TheFive https://t.co/HBLBquY1hh"
54,FoxNews,Fox News,2018-06-05 21:33:32+00:00,0.0,1.0,0.0,0.0,OPINION: What to expect in the 2018 midterm elections https://t.co/oy9R1YZ6n2
53,FoxNews,Fox News,2018-06-05 21:50:01+00:00,0.198,0.802,0.0,0.6633,DRESS FOR SUCCESS: A young boy named Noah went head-to-head with a firefighter to determine who could get their equ‚Ä¶ https://t.co/sRtzhsRY4U
52,FoxNews,Fox News,2018-06-05 21:53:19+00:00,0.315,0.604,0.081,0.5423,"Eagles Fan @JesseBWatters: Philadelphia 'Tried a Trick Play, Trump Snuffed It Out' https://t.co/f5PnsZ6mTG"
51,FoxNews,Fox News,2018-06-05 22:02:20+00:00,0.0,1.0,0.0,0.0,".@dennisrodman will be in Singapore during the Trump-Kim summit, report says. https://t.co/P1TepYS2BR"
50,FoxNews,Fox News,2018-06-05 22:12:45+00:00,0.0,0.896,0.104,-0.296,"JUST IN: Kelly Sadler, The White House aide engulfed in controversy after her comments on @SenJohnMcCain, is no lon‚Ä¶ https://t.co/Fe1r7O2tfs"
49,FoxNews,Fox News,2018-06-05 22:19:30+00:00,0.176,0.824,0.0,0.4588,"'Welcome to Florida'

Florida police officer spots a three-legged gator crossing the road during a patrol. https://t.co/rFswsUSwsY"
48,FoxNews,Fox News,2018-06-05 22:26:04+00:00,0.294,0.706,0.0,0.5559,"NJ police officers won't face criminal charges for beach altercation, prosecutor says. https://t.co/ZxjBbKVsTh"
47,FoxNews,Fox News,2018-06-05 22:32:05+00:00,0.209,0.597,0.194,0.0516,Primary nail-biter: @NancyPelosi's House hopes rest on home-state battles. https://t.co/KHzKEKbTUW
46,FoxNews,Fox News,2018-06-05 22:39:07+00:00,0.0,1.0,0.0,0.0,"Demoted FBI agent Peter Strzok had larger role in Clinton, Russia probes than previously known. https://t.co/YxZ90lpXY4"
45,FoxNews,Fox News,2018-06-05 22:47:43+00:00,0.0,0.839,0.161,-0.3612,Texas sheriff's deputies escort a teen to graduation in place of her fallen father. https://t.co/XHxGp2ykUM
44,FoxNews,Fox News,2018-06-05 22:50:31+00:00,0.0,0.863,0.137,-0.2263,"RT @MikeEmanuelFox: Mitch McConnell cancels portion of Senate's August recess - from #SpecialReport:
https://t.co/Q6ehHLoYjv"
43,FoxNews,Fox News,2018-06-05 22:53:01+00:00,0.333,0.667,0.0,0.6124,RT @FoxBusiness: Social Security to tap reserves to cover 2018 benefits https://t.co/U5V8ekKKaw
42,FoxNews,Fox News,2018-06-05 22:53:25+00:00,0.0,0.867,0.133,-0.25,Rain at Belmont Stakes? What it would take to cancel the horse race. https://t.co/fo8XRMLgOV
41,FoxNews,Fox News,2018-06-05 23:05:51+00:00,0.0,0.679,0.321,-0.6369,President @realDonaldTrump blames Attorney General Jeff Sessions for 'Russian Witch Hunt Hoax'‚Ä¶ https://t.co/mkb7YJLQm8
40,FoxNews,Fox News,2018-06-05 23:10:15+00:00,0.0,1.0,0.0,0.0,".@parscale: ""If President @realDonaldTrump would've known that [AG Jeff Sessions] was going to recuse himself, he w‚Ä¶ https://t.co/fgP6IRgwUD"
39,FoxNews,Fox News,2018-06-05 23:14:40+00:00,0.0,0.822,0.178,-0.5994,An 87-year-old Korean War veteran is adding another item to his list of accomplishments: graduating from high schoo‚Ä¶ https://t.co/u4tdRnxmrt
38,FoxNews,Fox News,2018-06-05 23:19:15+00:00,0.0,0.892,0.108,-0.1779,"On #TheStory, President @realDonaldTrump's 2020 campaign manager @parscale reveals a new website touting the comman‚Ä¶ https://t.co/w7vFZeI7Cn"
37,FoxNews,Fox News,2018-06-05 23:25:21+00:00,0.189,0.811,0.0,0.6369,".@OmarInTheHouse_: ""I had some California delegates come up to me and say, 'By far, you're the best candidate...but‚Ä¶ https://t.co/SsHHLvkQ5v"
36,FoxNews,Fox News,2018-06-05 23:30:00+00:00,0.0,1.0,0.0,0.0,"Unarmed Parkland campus monitor alerted staff as Nikolas Cruz stormed campus, documents reveal https://t.co/KomZy6xL59"
35,FoxNews,Fox News,2018-06-05 23:32:16+00:00,0.0,0.852,0.148,-0.3818,".@TuckerCarlson: ""You need a middle class to sustain an economy and [California is] losing theirs."" #TheStory https://t.co/Q0sK4CgZJf"
34,FoxNews,Fox News,2018-06-05 23:33:35+00:00,0.0,1.0,0.0,0.0,.@GiannoCaldwell: Who Would've Thought The Clintons Would Be 'GOP Assets'? https://t.co/7bM5DVHcA8
33,FoxNews,Fox News,2018-06-05 23:39:18+00:00,0.0,0.609,0.391,-0.6705,Pastor killed by crocodile during water baptism https://t.co/A3QjsKNP5J
32,FoxNews,Fox News,2018-06-05 23:43:09+00:00,0.0,1.0,0.0,0.0,A look at the crater of Hawaii's Kilauea volcano. https://t.co/wSwXNmPFPz (Courtesy: @usgsvolcanoes) https://t.co/XwhI0UnhgW
31,FoxNews,Fox News,2018-06-05 23:45:42+00:00,0.0,0.677,0.323,-0.6486,Fashion designer Kate Spade found dead at 55 https://t.co/txnRtQIk8R https://t.co/l15aeHAc2U
30,FoxNews,Fox News,2018-06-05 23:47:38+00:00,0.376,0.457,0.168,0.6249,"Former @NFL cheerleaders deliver letter to Roger Goodell demanding better pay, fair treatment https://t.co/dS1Ufg7BGw"
29,FoxNews,Fox News,2018-06-05 23:51:21+00:00,0.209,0.791,0.0,0.4404,Woman's obituary takes a dark turn: 'World is a better place without her' https://t.co/twVNZszyJC
28,FoxNews,Fox News,2018-06-06 00:02:33+00:00,0.0,1.0,0.0,0.0,The Singapore hotel hosting the Trump-Kim summit is on a secluded island with pirate ties. https://t.co/cQKNYYyLrJ
27,FoxNews,Fox News,2018-06-06 00:03:16+00:00,0.0,1.0,0.0,0.0,TOMORROW: 74 years since the D-Day Invasion https://t.co/nHdM8dnnZi
26,FoxNews,Fox News,2018-06-06 00:05:49+00:00,0.0,1.0,0.0,0.0,"JUST IN: Polls have closed in Alabama, Mississippi and New Jersey, as several states hold primaries. https://t.co/qiz5sAmnA4"
25,FoxNews,Fox News,2018-06-06 00:12:04+00:00,0.0,1.0,0.0,0.0,IHOP says it's changing its iconic name. https://t.co/uNUPCvJ573
24,FoxNews,Fox News,2018-06-06 00:21:32+00:00,0.371,0.629,0.0,0.7579,CA Dem Candidate: Party Officials Told Me I'm 'Too Brown' to Win. https://t.co/pcoy6XowQ5
23,FoxNews,Fox News,2018-06-06 00:25:11+00:00,0.0,1.0,0.0,0.0,Dr. Phil captured on video hitting man on a skateboard with his car. https://t.co/MwyLzgfXFE
22,FoxNews,Fox News,2018-06-06 00:28:06+00:00,0.0,1.0,0.0,0.0,April Ryan backtracks after claiming @POTUS was booed at a White House event. https://t.co/DTT1OL9PQU
21,FoxNews,Fox News,2018-06-06 00:35:18+00:00,0.0,0.775,0.225,-0.4404,".@ICEgov raids an Ohio lawn and garden business, arrests 114. https://t.co/NqeY2L8eJy"
20,FoxNews,Fox News,2018-06-05 23:10:15+00:00,0.0,1.0,0.0,0.0,".@parscale: ""If President @realDonaldTrump would've known that [AG Jeff Sessions] was going to recuse himself, he w‚Ä¶ https://t.co/fgP6IRgwUD"
19,FoxNews,Fox News,2018-06-05 23:14:40+00:00,0.0,0.822,0.178,-0.5994,An 87-year-old Korean War veteran is adding another item to his list of accomplishments: graduating from high schoo‚Ä¶ https://t.co/u4tdRnxmrt
18,FoxNews,Fox News,2018-06-05 23:19:15+00:00,0.0,0.892,0.108,-0.1779,"On #TheStory, President @realDonaldTrump's 2020 campaign manager @parscale reveals a new website touting the comman‚Ä¶ https://t.co/w7vFZeI7Cn"
17,FoxNews,Fox News,2018-06-05 23:25:21+00:00,0.189,0.811,0.0,0.6369,".@OmarInTheHouse_: ""I had some California delegates come up to me and say, 'By far, you're the best candidate...but‚Ä¶ https://t.co/SsHHLvkQ5v"
16,FoxNews,Fox News,2018-06-05 23:30:00+00:00,0.0,1.0,0.0,0.0,"Unarmed Parkland campus monitor alerted staff as Nikolas Cruz stormed campus, documents reveal https://t.co/KomZy6xL59"
15,FoxNews,Fox News,2018-06-05 23:32:16+00:00,0.0,0.852,0.148,-0.3818,".@TuckerCarlson: ""You need a middle class to sustain an economy and [California is] losing theirs."" #TheStory https://t.co/Q0sK4CgZJf"
14,FoxNews,Fox News,2018-06-05 23:33:35+00:00,0.0,1.0,0.0,0.0,.@GiannoCaldwell: Who Would've Thought The Clintons Would Be 'GOP Assets'? https://t.co/7bM5DVHcA8
13,FoxNews,Fox News,2018-06-05 23:39:18+00:00,0.0,0.609,0.391,-0.6705,Pastor killed by crocodile during water baptism https://t.co/A3QjsKNP5J
12,FoxNews,Fox News,2018-06-05 23:43:09+00:00,0.0,1.0,0.0,0.0,A look at the crater of Hawaii's Kilauea volcano. https://t.co/wSwXNmPFPz (Courtesy: @usgsvolcanoes) https://t.co/XwhI0UnhgW
11,FoxNews,Fox News,2018-06-05 23:45:42+00:00,0.0,0.677,0.323,-0.6486,Fashion designer Kate Spade found dead at 55 https://t.co/txnRtQIk8R https://t.co/l15aeHAc2U
10,FoxNews,Fox News,2018-06-05 23:47:38+00:00,0.376,0.457,0.168,0.6249,"Former @NFL cheerleaders deliver letter to Roger Goodell demanding better pay, fair treatment https://t.co/dS1Ufg7BGw"
9,FoxNews,Fox News,2018-06-05 23:51:21+00:00,0.209,0.791,0.0,0.4404,Woman's obituary takes a dark turn: 'World is a better place without her' https://t.co/twVNZszyJC
8,FoxNews,Fox News,2018-06-06 00:02:33+00:00,0.0,1.0,0.0,0.0,The Singapore hotel hosting the Trump-Kim summit is on a secluded island with pirate ties. https://t.co/cQKNYYyLrJ
7,FoxNews,Fox News,2018-06-06 00:03:16+00:00,0.0,1.0,0.0,0.0,TOMORROW: 74 years since the D-Day Invasion https://t.co/nHdM8dnnZi
6,FoxNews,Fox News,2018-06-06 00:05:49+00:00,0.0,1.0,0.0,0.0,"JUST IN: Polls have closed in Alabama, Mississippi and New Jersey, as several states hold primaries. https://t.co/qiz5sAmnA4"
5,FoxNews,Fox News,2018-06-06 00:12:04+00:00,0.0,1.0,0.0,0.0,IHOP says it's changing its iconic name. https://t.co/uNUPCvJ573
4,FoxNews,Fox News,2018-06-06 00:21:32+00:00,0.371,0.629,0.0,0.7579,CA Dem Candidate: Party Officials Told Me I'm 'Too Brown' to Win. https://t.co/pcoy6XowQ5
3,FoxNews,Fox News,2018-06-06 00:25:11+00:00,0.0,1.0,0.0,0.0,Dr. Phil captured on video hitting man on a skateboard with his car. https://t.co/MwyLzgfXFE
2,FoxNews,Fox News,2018-06-06 00:28:06+00:00,0.0,1.0,0.0,0.0,April Ryan backtracks after claiming @POTUS was booed at a White House event. https://t.co/DTT1OL9PQU
1,FoxNews,Fox News,2018-06-06 00:35:18+00:00,0.0,0.775,0.225,-0.4404,".@ICEgov raids an Ohio lawn and garden business, arrests 114. https://t.co/NqeY2L8eJy"
100,nytimes,The New York Times,2018-06-05 10:00:08+00:00,0.0,1.0,0.0,0.0,Morning¬†Briefing: Here's what you need to know to start your day https://t.co/TTxQGrcdm6 https://t.co/sJvQcxd6bp
99,nytimes,The New York Times,2018-06-05 10:14:04+00:00,0.34,0.66,0.0,0.802,President Trump abruptly called off the White House celebration honoring the Super Bowl-champion Philadelphia Eagle‚Ä¶ https://t.co/XbzbDtsFP9
98,nytimes,The New York Times,2018-06-05 10:31:08+00:00,0.0,1.0,0.0,0.0,"""It is not part of the job description of an ambassador to interfere in the politics of his guest country,"" the hea‚Ä¶ https://t.co/Sb05vBoT4h"
97,nytimes,The New York Times,2018-06-05 10:45:05+00:00,0.0,0.817,0.183,-0.6908,Harvey Weinstein is scheduled to be back in court on Tuesday morning to face an indictment on two counts of rape https://t.co/kCOogm9vsq
96,nytimes,The New York Times,2018-06-05 11:00:07+00:00,0.097,0.756,0.147,-0.296,"President Trump declared in a tweet on Monday that he had ""the absolute right"" to pardon himself for any crime https://t.co/zBDM19cemC"
95,nytimes,The New York Times,2018-06-05 11:14:03+00:00,0.098,0.735,0.167,-0.34,How policing idea transplanted from New York City created a generation of young men with criminal records https://t.co/DANZAZ1z7D
94,nytimes,The New York Times,2018-06-05 11:31:05+00:00,0.097,0.903,0.0,0.0762,"""It proves that people don't read or pay attention,"" the principal said https://t.co/0zDrqeWlbE"
93,nytimes,The New York Times,2018-06-05 11:44:02+00:00,0.0,1.0,0.0,0.0,"Prosecutors said that Paul Manafort tried to contact witnesses by phone, through an intermediary and through an enc‚Ä¶ https://t.co/d6cF7LUCRl"
92,nytimes,The New York Times,2018-06-05 12:00:11+00:00,0.0,1.0,0.0,0.0,"Your daily @DealBook Briefing:

‚Ä¢ Howard Schultz, former Starbucks CEO, just might run for president.¬†

‚Ä¢ Can a pol‚Ä¶ https://t.co/ryWB3Ig0XB"
91,nytimes,The New York Times,2018-06-05 12:14:03+00:00,0.194,0.726,0.081,0.4215,China is anxious to repair its tattered alliance with North Korea and is determined to play a dominant role in any‚Ä¶ https://t.co/qQczm6CQVU
90,nytimes,The New York Times,2018-06-05 12:30:08+00:00,0.294,0.629,0.077,0.7351,The U.S. Supreme Court on Monday ruled in favor of a Colorado baker who had refused to create a wedding cake for a‚Ä¶ https://t.co/i4EhfqATVe
89,nytimes,The New York Times,2018-06-05 12:44:02+00:00,0.33,0.67,0.0,0.7506,A former Defense Intelligence Agency case officer repeatedly offered to be a double agent for the United States aga‚Ä¶ https://t.co/7FIZOLwSEY
88,nytimes,The New York Times,2018-06-05 13:00:12+00:00,0.0,1.0,0.0,0.0,Morning¬†Briefing: Here's what you need to know to start your day https://t.co/trGRbMUKu0 https://t.co/TqjMRYfYTV
87,nytimes,The New York Times,2018-06-05 13:14:05+00:00,0.0,0.913,0.087,-0.2023,The quirks that make the California primary risky for Democrats also make it a leading indicator of the general ele‚Ä¶ https://t.co/egrodmyYTI
86,nytimes,The New York Times,2018-06-05 13:30:04+00:00,0.206,0.794,0.0,0.5994,The primaries in eight states this week might be considered Super Tuesday for female candidates https://t.co/PtK8l2DYKc
85,nytimes,The New York Times,2018-06-05 13:41:03+00:00,0.0,1.0,0.0,0.0,"Iran announced that it had completed a new centrifuge assembly center at the Natanz nuclear site, in a first step t‚Ä¶ https://t.co/zz5BMBWSul"
84,nytimes,The New York Times,2018-06-05 13:50:05+00:00,0.0,1.0,0.0,0.0,"Weeks ago, Melania Trump essentially vanished from view. On Monday, she reappeared on the president‚Äôs schedule. https://t.co/6ne61DzXkv"
83,nytimes,The New York Times,2018-06-05 13:59:02+00:00,0.0,0.556,0.444,-0.8225,"The Miss America Organization, confronting a harassment scandal, announced that it would scrap the swimsuit portion https://t.co/mvzQOrOLWm"
82,nytimes,The New York Times,2018-06-05 14:16:08+00:00,0.0,1.0,0.0,0.0,Britain's culture secretary said that 21st Century Fox should be allowed to bid for control of Sky https://t.co/21cL5qHucb
81,nytimes,The New York Times,2018-06-05 14:26:03+00:00,0.074,0.627,0.299,-0.7964,"RT @NYTNational: A murder, a dashed dream, conspiracy theories, Trump and, finally, a school: The long history of Robert F. Kennedy's Los A‚Ä¶"
80,nytimes,The New York Times,2018-06-05 14:36:04+00:00,0.342,0.658,0.0,0.6369,Review: Bill Clinton and James Patterson wrote a new novel. It's good. https://t.co/9KfuTdUoLU
79,nytimes,The New York Times,2018-06-05 14:47:05+00:00,0.0,1.0,0.0,0.0,"RT @PatrickKingsley: Having consolidated power at home, Viktor #Orban's proxies are now shoring up his allies across Central and Eastern Eu‚Ä¶"
78,nytimes,The New York Times,2018-06-05 14:57:05+00:00,0.1,0.9,0.0,0.2247,"""Of course it has to be led by a man"" he said, ""because it is a very challenging position"" https://t.co/wEKsNe2QPv"
77,nytimes,The New York Times,2018-06-05 15:07:08+00:00,0.0,0.823,0.177,-0.5106,RT @nytimesworld: The inner circle of the French president Emmanuel Macron has been struck for the first time by accusations of corruption‚Ä¶
76,nytimes,The New York Times,2018-06-05 15:12:37+00:00,0.118,0.882,0.0,0.25,David Koch is stepping down from his political and business interests because of declining health https://t.co/KalPFZ2vdK
75,nytimes,The New York Times,2018-06-05 15:17:05+00:00,0.0,0.888,0.112,-0.34,"Despite a warning from one of its owners, the NFL has let itself be baited by President Trump, @el_belson writes: https://t.co/pfFC3jV6cY"
74,nytimes,The New York Times,2018-06-05 15:19:45+00:00,0.0,1.0,0.0,0.0,RT @Julesm_b: It's Primary day in California and @nytimes has 11 reporters up and down the state. Follow: @adamnagourney @tarangoNYT @jenny‚Ä¶
73,nytimes,The New York Times,2018-06-05 15:27:57+00:00,0.0,1.0,0.0,0.0,"All European Union countries must recognize same-sex marriage, at least in relation to immigration cases, the bloc'‚Ä¶ https://t.co/XVx59i3iw7"
72,nytimes,The New York Times,2018-06-05 15:37:04+00:00,0.25,0.75,0.0,0.7684,"RT @NYTNational: Latinos make up 34% of California‚Äôs adult population, but just 18% of likely voters. Democrats hope that share will grow.‚Ä¶"
71,nytimes,The New York Times,2018-06-05 15:47:04+00:00,0.0,1.0,0.0,0.0,It is a staple of prom for a boy to be crowned king and a girl to be crowned queen. But this was not just any prom.‚Ä¶ https://t.co/aWjgOBcarI
70,nytimes,The New York Times,2018-06-05 15:57:04+00:00,0.0,1.0,0.0,0.0,President Trump's chief economic adviser has suggested Trump wants separate deals with Mexico and Canada instead of‚Ä¶ https://t.co/sGW7oxXlbo
69,nytimes,The New York Times,2018-06-05 16:07:05+00:00,0.0,0.93,0.07,-0.0516,President Trump touted his accomplishments from his first 500 days in office. We fact-checked his claims. https://t.co/iFQ24m6KjF
68,nytimes,The New York Times,2018-06-05 16:17:03+00:00,0.0,0.88,0.12,-0.3818,"RT @NYTSports: LeBron James has scored 80 points in two games in the NBA finals, and is still losing.  https://t.co/DWIAP28w1P"
67,nytimes,The New York Times,2018-06-05 16:28:22+00:00,0.0,0.807,0.193,-0.6486,"Breaking News: Kate Spade, the designer who built a handbag empire, was found dead in her Manhattan apartment after‚Ä¶ https://t.co/U8bovTgEiT"
66,nytimes,The New York Times,2018-06-05 16:37:04+00:00,0.0,1.0,0.0,0.0,NYT journalists are spread out across California to cover the state's high-stakes primary election. Follow our live‚Ä¶ https://t.co/QFbysRJGOU
65,nytimes,The New York Times,2018-06-05 16:42:28+00:00,0.0,1.0,0.0,0.0,Kate Spade decided that the handbags were too full of gloppy gewgaws ‚Äî then she went to design her own. From 1999: https://t.co/K779QDG6c8
64,nytimes,The New York Times,2018-06-05 16:53:04+00:00,0.05,0.736,0.213,-0.6369,"Even with all the mayhem in Afghanistan‚Äôs long war, the number of children out of school had been falling. Until no‚Ä¶ https://t.co/luED2e0v1b"
63,nytimes,The New York Times,2018-06-05 17:07:02+00:00,0.195,0.722,0.084,0.4456,"RT @NYTMetro: Eight years ago, Gov. Cuomo promised not to collapse under pressure from unions he said had a stranglehold on state politics.‚Ä¶"
62,nytimes,The New York Times,2018-06-05 17:17:03+00:00,0.0,1.0,0.0,0.0,"RT @nytopinion: I‚Äôd take President Bill Clinton over Donald J. Trump in any role on any day, writes Frank Bruni. But in an honor-starved mo‚Ä¶"
61,nytimes,The New York Times,2018-06-05 17:27:04+00:00,0.093,0.746,0.16,-0.4215,Kate Spade built a brand on the appeal of clothes and accessories that made women smile. She was found dead on Tues‚Ä¶ https://t.co/jxOuBFEik6
60,nytimes,The New York Times,2018-06-05 17:37:04+00:00,0.0,1.0,0.0,0.0,"The White House has unblocked the accounts of 7 Twitter users who sued President Trump, but it's appealing a judge'‚Ä¶ https://t.co/aS46IucubL"
59,nytimes,The New York Times,2018-06-05 17:47:01+00:00,0.11,0.612,0.278,-0.5526,Harvey Weinstein pleaded not guilty to the sexual assault charges lodged against him last month https://t.co/6h9fEgoAN4
58,nytimes,The New York Times,2018-06-05 18:07:06+00:00,0.0,0.837,0.163,-0.5106,"Separating children from migrant families entering the U.S. violates their rights and international law, the UN's h‚Ä¶ https://t.co/NDbugKNYet"
57,nytimes,The New York Times,2018-06-05 18:09:45+00:00,0.0,1.0,0.0,0.0,"""The summer of hell"": The sequel https://t.co/RO2Hv8N3l8"
56,nytimes,The New York Times,2018-06-05 18:17:01+00:00,0.0,0.912,0.088,-0.34,"RT @NYTScience: ""We snapped out of the knee jerk approach where we had to give chemo to everybody,"" says one author of a new study that sho‚Ä¶"
55,nytimes,The New York Times,2018-06-05 18:27:03+00:00,0.158,0.842,0.0,0.4939,California voters are making lots of decisions. NYT photographers wanted to find out what was motivating them.‚Ä¶ https://t.co/4w6tHFYawt
54,nytimes,The New York Times,2018-06-05 18:37:02+00:00,0.0,0.671,0.329,-0.7818,The most feared and loathed character in the city‚Äôs restaurant business? It‚Äôs the health inspector. https://t.co/vX1Zz9KPH1
53,nytimes,The New York Times,2018-06-05 18:47:04+00:00,0.112,0.888,0.0,0.34,"For many women, a Kate Spade bag was their first designer purchase. They shared their stories of their first ""grown‚Ä¶ https://t.co/SngkBwGwTQ"
52,nytimes,The New York Times,2018-06-05 18:57:06+00:00,0.0,0.714,0.286,-0.7506,Israel‚Äôs military said that the killing of a young Palestinian volunteer medic at a Gaza fence protest was unintent‚Ä¶ https://t.co/uZHSmBTYl7
51,nytimes,The New York Times,2018-06-05 19:07:04+00:00,0.0,1.0,0.0,0.0,"The Philadelphia Eagles won't be there, but President Trump said a celebration will go on https://t.co/9gnsNFHruH"
50,nytimes,The New York Times,2018-06-05 19:17:05+00:00,0.069,0.837,0.094,-0.128,"The Wall Street Journal is replacing its top editor, Gerard Baker. His newsroom broke award-winning stories but str‚Ä¶ https://t.co/TgJV7prEuh"
49,nytimes,The New York Times,2018-06-05 19:27:03+00:00,0.249,0.751,0.0,0.6486,The California primary might give us a better idea of whether Democrats will make big gains in November https://t.co/cDNf7fiutZ
48,nytimes,The New York Times,2018-06-05 19:31:08+00:00,0.0,1.0,0.0,0.0,RT @jdelreal: I may have just visited the coolest polling place in America. Voters are casting their ballots here at Rhino‚Äôs Boxing in Vist‚Ä¶
47,nytimes,The New York Times,2018-06-05 19:37:04+00:00,0.0,1.0,0.0,0.0,"A court has ordered Mexico's government to again investigate the disappearances of 43 college students. This time,‚Ä¶ https://t.co/GWOvp5B1c4"
46,nytimes,The New York Times,2018-06-05 19:47:04+00:00,0.092,0.843,0.064,0.1779,"RT @nytpolitics: News Analysis: The president‚Äôs claim that he has ""the absolute right"" to pardon himself was the latest in an aggressive se‚Ä¶"
45,nytimes,The New York Times,2018-06-05 19:57:02+00:00,0.0,0.833,0.167,-0.3818,Crowdfunding campaigns are designed for just about everything these days. That includes funerals. https://t.co/WFgOKnLoOF
44,nytimes,The New York Times,2018-06-05 20:10:09+00:00,0.0,1.0,0.0,0.0,A school wanted to prepare its eighth-graders for high school. So it gave them a bullet-resistant shield for their‚Ä¶ https://t.co/ykXjrGY5l6
43,nytimes,The New York Times,2018-06-05 20:25:03+00:00,0.0,0.918,0.082,-0.1531,"‚ÄúWe are not going to judge you on your outward appearance,"" the Miss America Organization's chairwoman, Gretchen Ca‚Ä¶ https://t.co/SY8ge6if9h"
42,nytimes,The New York Times,2018-06-05 20:33:45+00:00,0.28,0.72,0.0,0.8126,RT @mccanner: I love this. New York Times photographers did portraits of voters and asked what's motivating them to participate today. SEVE‚Ä¶
41,nytimes,The New York Times,2018-06-05 20:40:03+00:00,0.0,1.0,0.0,0.0,"Rep. Tulsi Gabbard wants visitors to stay away from the Kilauea volcano. ""Now is not the time for tourists to blank‚Ä¶ https://t.co/a5dL2bl2JD"
40,nytimes,The New York Times,2018-06-05 20:55:04+00:00,0.104,0.723,0.173,-0.4019,"Kate Spade, who was found dead on Tuesday, had a business mind that saw the opportunities in becoming a lifestyle b‚Ä¶ https://t.co/lN2NDamjmq"
39,nytimes,The New York Times,2018-06-05 21:03:05+00:00,0.0,0.735,0.265,-0.7579,"After a teenager was fatally shot by a police officer, his family searched for answers from the city they lost fait‚Ä¶ https://t.co/49QalKqVI7"
38,nytimes,The New York Times,2018-06-05 21:03:46+00:00,0.0,1.0,0.0,0.0,California's 10th congressional district is one that's coveted by Democrats. NYT journalists are reporting from the‚Ä¶ https://t.co/HZRtuv5CxY
37,nytimes,The New York Times,2018-06-05 21:12:02+00:00,0.17,0.83,0.0,0.4767,"Jordan Peele, who wrote and directed ""Get Out,"" has signed a deal giving Amazon the first look at his ideas for TV‚Ä¶ https://t.co/No04lHy4zr"
36,nytimes,The New York Times,2018-06-05 21:27:05+00:00,0.0,0.805,0.195,-0.561,"RT @VVFriedman: On this sad day, thoughts on Kate Spade, and what she stood for - https://t.co/jBYfIwb6AT"
35,nytimes,The New York Times,2018-06-05 21:46:06+00:00,0.0,1.0,0.0,0.0,"How much tourism is too much? On the Gal√°pagos Islands, they're asking the question. https://t.co/GQ5twJeeq1"
34,nytimes,The New York Times,2018-06-05 21:58:03+00:00,0.0,0.905,0.095,-0.296,"Breaking News: Mexico hit back at the U.S., saying it would impose tariffs on cheese, whiskey and other goods in re‚Ä¶ https://t.co/XKeKYb4KcM"
33,nytimes,The New York Times,2018-06-05 22:12:02+00:00,0.0,1.0,0.0,0.0,"RT @NYTNational: ‚ö°Ô∏è ‚ÄúOn the Ground at the California Primaries‚Äù

https://t.co/f0ZiiBHxqF"
32,nytimes,The New York Times,2018-06-05 22:27:05+00:00,0.0,1.0,0.0,0.0,8 states are holding primaries today. Here's what to watch for in those races. https://t.co/K1Je3JoLQA
31,nytimes,The New York Times,2018-06-05 22:41:04+00:00,0.121,0.779,0.1,0.128,Kate Spade was a critical figure in the continuum of women who have defined fashion in the United States: designers‚Ä¶ https://t.co/mkBQsw4Uxb
30,nytimes,The New York Times,2018-06-05 22:51:03+00:00,0.079,0.837,0.083,-0.0227,"RT @arappeport: In a letter to Congress, Trump's Treasury Department still will not commit to putting Harriet Tubman on the $20 https://t.c‚Ä¶"
29,nytimes,The New York Times,2018-06-05 23:02:03+00:00,0.0,1.0,0.0,0.0,Evening Briefing: Here's what you need to know at the end of the day https://t.co/d5SybOs0hs
28,nytimes,The New York Times,2018-06-05 23:11:30+00:00,0.0,1.0,0.0,0.0,Breaking News: Facebook has given at least four Chinese companies access to user data. One has been flagged by U.S.‚Ä¶ https://t.co/NHDWzvKJUO
27,nytimes,The New York Times,2018-06-05 23:21:03+00:00,0.14,0.86,0.0,0.4767,"RT @gabrieldance: New: Facebook gave private data access to Chinese Firm, Huawei, which has been flagged by U.S. intelligence.

https://t.c‚Ä¶"
26,nytimes,The New York Times,2018-06-05 23:32:07+00:00,0.128,0.872,0.0,0.4215,"Betsy DeVos said the federal commission on school safety set up this year after the Parkland, Florida, school massa‚Ä¶ https://t.co/Gn3X6eos8S"
25,nytimes,The New York Times,2018-06-05 23:47:03+00:00,0.109,0.891,0.0,0.296,Scott Pruitt gave a political aide the task of helping him seek a ‚Äúbusiness opportunity‚Äù for his wife with Chick-fi‚Ä¶ https://t.co/g15MDxxunN
24,nytimes,The New York Times,2018-06-06 00:02:05+00:00,0.0,1.0,0.0,0.0,"8 states voted in one of the busiest days of primary season, and results are expected soon. We‚Äôre tracking the key‚Ä¶ https://t.co/iL14weHog8"
23,nytimes,The New York Times,2018-06-06 00:17:03+00:00,0.0,0.728,0.272,-0.7964,RT @nytpolitics: The assassination fueled a general sense ‚Äî not entirely unfamiliar today ‚Äî that the nation had gone mad; that the normal r‚Ä¶
22,nytimes,The New York Times,2018-06-06 00:27:05+00:00,0.078,0.78,0.142,-0.34,Who will likely be blamed if Democrats get locked out of some competitive Republican-held congressional races in Ca‚Ä¶ https://t.co/kEa8zJhkBT
21,nytimes,The New York Times,2018-06-06 00:37:05+00:00,0.0,1.0,0.0,0.0,"8 states have primary elections today. Here's when we're expecting the first results. https://t.co/NEbxm6mxyl
Alaba‚Ä¶ https://t.co/SiGUd84TSg"
20,nytimes,The New York Times,2018-06-05 20:55:04+00:00,0.104,0.723,0.173,-0.4019,"Kate Spade, who was found dead on Tuesday, had a business mind that saw the opportunities in becoming a lifestyle b‚Ä¶ https://t.co/lN2NDamjmq"
19,nytimes,The New York Times,2018-06-05 21:03:05+00:00,0.0,0.735,0.265,-0.7579,"After a teenager was fatally shot by a police officer, his family searched for answers from the city they lost fait‚Ä¶ https://t.co/49QalKqVI7"
18,nytimes,The New York Times,2018-06-05 21:03:46+00:00,0.0,1.0,0.0,0.0,California's 10th congressional district is one that's coveted by Democrats. NYT journalists are reporting from the‚Ä¶ https://t.co/HZRtuv5CxY
17,nytimes,The New York Times,2018-06-05 21:12:02+00:00,0.17,0.83,0.0,0.4767,"Jordan Peele, who wrote and directed ""Get Out,"" has signed a deal giving Amazon the first look at his ideas for TV‚Ä¶ https://t.co/No04lHy4zr"
16,nytimes,The New York Times,2018-06-05 21:27:05+00:00,0.0,0.805,0.195,-0.561,"RT @VVFriedman: On this sad day, thoughts on Kate Spade, and what she stood for - https://t.co/jBYfIwb6AT"
15,nytimes,The New York Times,2018-06-05 21:46:06+00:00,0.0,1.0,0.0,0.0,"How much tourism is too much? On the Gal√°pagos Islands, they're asking the question. https://t.co/GQ5twJeeq1"
14,nytimes,The New York Times,2018-06-05 21:58:03+00:00,0.0,0.905,0.095,-0.296,"Breaking News: Mexico hit back at the U.S., saying it would impose tariffs on cheese, whiskey and other goods in re‚Ä¶ https://t.co/XKeKYb4KcM"
13,nytimes,The New York Times,2018-06-05 22:12:02+00:00,0.0,1.0,0.0,0.0,"RT @NYTNational: ‚ö°Ô∏è ‚ÄúOn the Ground at the California Primaries‚Äù

https://t.co/f0ZiiBHxqF"
12,nytimes,The New York Times,2018-06-05 22:27:05+00:00,0.0,1.0,0.0,0.0,8 states are holding primaries today. Here's what to watch for in those races. https://t.co/K1Je3JoLQA
11,nytimes,The New York Times,2018-06-05 22:41:04+00:00,0.121,0.779,0.1,0.128,Kate Spade was a critical figure in the continuum of women who have defined fashion in the United States: designers‚Ä¶ https://t.co/mkBQsw4Uxb
10,nytimes,The New York Times,2018-06-05 22:51:03+00:00,0.079,0.837,0.083,-0.0227,"RT @arappeport: In a letter to Congress, Trump's Treasury Department still will not commit to putting Harriet Tubman on the $20 https://t.c‚Ä¶"
9,nytimes,The New York Times,2018-06-05 23:02:03+00:00,0.0,1.0,0.0,0.0,Evening Briefing: Here's what you need to know at the end of the day https://t.co/d5SybOs0hs
8,nytimes,The New York Times,2018-06-05 23:11:30+00:00,0.0,1.0,0.0,0.0,Breaking News: Facebook has given at least four Chinese companies access to user data. One has been flagged by U.S.‚Ä¶ https://t.co/NHDWzvKJUO
7,nytimes,The New York Times,2018-06-05 23:21:03+00:00,0.14,0.86,0.0,0.4767,"RT @gabrieldance: New: Facebook gave private data access to Chinese Firm, Huawei, which has been flagged by U.S. intelligence.

https://t.c‚Ä¶"
6,nytimes,The New York Times,2018-06-05 23:32:07+00:00,0.128,0.872,0.0,0.4215,"Betsy DeVos said the federal commission on school safety set up this year after the Parkland, Florida, school massa‚Ä¶ https://t.co/Gn3X6eos8S"
5,nytimes,The New York Times,2018-06-05 23:47:03+00:00,0.109,0.891,0.0,0.296,Scott Pruitt gave a political aide the task of helping him seek a ‚Äúbusiness opportunity‚Äù for his wife with Chick-fi‚Ä¶ https://t.co/g15MDxxunN
4,nytimes,The New York Times,2018-06-06 00:02:05+00:00,0.0,1.0,0.0,0.0,"8 states voted in one of the busiest days of primary season, and results are expected soon. We‚Äôre tracking the key‚Ä¶ https://t.co/iL14weHog8"
3,nytimes,The New York Times,2018-06-06 00:17:03+00:00,0.0,0.728,0.272,-0.7964,RT @nytpolitics: The assassination fueled a general sense ‚Äî not entirely unfamiliar today ‚Äî that the nation had gone mad; that the normal r‚Ä¶
2,nytimes,The New York Times,2018-06-06 00:27:05+00:00,0.078,0.78,0.142,-0.34,Who will likely be blamed if Democrats get locked out of some competitive Republican-held congressional races in Ca‚Ä¶ https://t.co/kEa8zJhkBT
1,nytimes,The New York Times,2018-06-06 00:37:05+00:00,0.0,1.0,0.0,0.0,"8 states have primary elections today. Here's when we're expecting the first results. https://t.co/NEbxm6mxyl
Alaba‚Ä¶ https://t.co/SiGUd84TSg"
